Entity,SC11_lower,SC11_upper,SC11_point,SC11_width,SC12_lower,SC12_upper,SC12_point,SC12_width,SC13_lower,SC13_upper,SC13_point,SC13_width,SC14_lower,SC14_upper,SC14_point,SC14_width,SC21_lower,SC21_upper,SC21_point,SC21_width,SC22_lower,SC22_upper,SC22_point,SC22_width,SC23_lower,SC23_upper,SC23_point,SC23_width,SC24_lower,SC24_upper,SC24_point,SC24_width,SC31_lower,SC31_upper,SC31_point,SC31_width,SC32_lower,SC32_upper,SC32_point,SC32_width,SC33_lower,SC33_upper,SC33_point,SC33_width,SC41_lower,SC41_upper,SC41_point,SC41_width,SC42_lower,SC42_upper,SC42_point,SC42_width,SC43_lower,SC43_upper,SC43_point,SC43_width,SC44_lower,SC44_upper,SC44_point,SC44_width,SC51_lower,SC51_upper,SC51_point,SC51_width,SC52_lower,SC52_upper,SC52_point,SC52_width,SC53_lower,SC53_upper,SC53_point,SC53_width,SC54_lower,SC54_upper,SC54_point,SC54_width,SC61_lower,SC61_upper,SC61_point,SC61_width,SC62_lower,SC62_upper,SC62_point,SC62_width,SC63_lower,SC63_upper,SC63_point,SC63_width,SC64_lower,SC64_upper,SC64_point,SC64_width,SC71_lower,SC71_upper,SC71_point,SC71_width,SC72_lower,SC72_upper,SC72_point,SC72_width,SC73_lower,SC73_upper,SC73_point,SC73_width,SC81_lower,SC81_upper,SC81_point,SC81_width,SC82_lower,SC82_upper,SC82_point,SC82_width,SC83_lower,SC83_upper,SC83_point,SC83_width
P01,0.5730,0.9542,0.7636,0.3812,1.1462,1.5580,1.3521,0.4119,1.1480,1.7762,1.4621,0.6282,0.4510,1.5109,0.9809,1.0599,0.7095,1.0452,0.8773,0.3356,1.2568,2.0348,1.6458,0.7779,0.8504,1.5995,1.2250,0.7491,0.8813,1.4833,1.1823,0.6020,1.7506,2.2159,1.9833,0.4653,0.1106,1.2297,0.6701,1.1191,1.6297,2.0786,1.8542,0.4489,0.9793,1.7971,1.3882,0.8178,1.7664,2.1874,1.9769,0.4210,0.4893,1.4778,0.9835,0.9885,1.6232,2.2538,1.9385,0.6305,1.6791,2.0983,1.8887,0.4193,1.6509,2.3195,1.9852,0.6686,1.7150,2.1834,1.9492,0.4684,1.7636,2.0331,1.8983,0.2695,1.5092,2.0048,1.7570,0.4956,1.1681,2.5423,1.8552,1.3742,1.6720,2.3777,2.0249,0.7056,1.2130,1.5174,1.3652,0.3044,0.5296,1.1060,0.8178,0.5764,1.1379,2.0102,1.5740,0.8723,-0.3212,1.0019,0.3403,1.3232,0.3204,0.5057,0.4130,0.1853,1.5983,2.8025,2.2004,1.2042,-0.7374,1.9235,0.5930,2.6609
P02,0.4673,0.8485,0.6579,0.3812,1.0438,1.4556,1.2497,0.4119,1.1206,1.7488,1.4347,0.6282,0.4624,1.5223,0.9924,1.0599,0.7033,1.0389,0.8711,0.3356,1.2320,2.0099,1.6210,0.7779,0.7942,1.5432,1.1687,0.7491,0.8319,1.4339,1.1329,0.6020,1.7374,2.2027,1.9701,0.4653,0.1601,1.2792,0.7197,1.1191,1.6702,2.1192,1.8947,0.4489,1.0823,1.9001,1.4912,0.8178,1.8017,2.2227,2.0122,0.4210,0.5751,1.5636,1.0694,0.9885,1.6088,2.2393,1.9241,0.6305,1.6462,2.0655,1.8559,0.4193,1.6671,2.3357,2.0014,0.6686,1.6747,2.1432,1.9089,0.4684,1.7483,2.0178,1.8830,0.2695,1.6251,2.1207,1.8729,0.4956,1.0262,2.4004,1.7133,1.3742,1.3894,2.0950,1.7422,0.7056,1.2104,1.5148,1.3626,0.3044,0.6581,1.2344,0.9463,0.5764,1.3271,2.1994,1.7633,0.8723,0.0119,1.3351,0.6735,1.3232,0.3216,0.5070,0.4143,0.1853,1.1429,2.3470,1.7449,1.2042,-0.7440,1.9170,0.5865,2.6609
P03,0.4406,0.8218,0.6312,0.3812,0.9692,1.3811,1.1752,0.4119,1.0633,1.6915,1.3774,0.6282,0.3951,1.4551,0.9251,1.0599,0.6664,1.0020,0.8342,0.3356,1.2064,1.9844,1.5954,0.7779,0.7935,1.5426,1.1681,0.7491,0.8285,1.4305,1.1295,0.6020,1.7279,2.1932,1.9605,0.4653,0.1306,1.2497,0.6901,1.1191,1.6296,2.0786,1.8541,0.4489,0.9967,1.8144,1.4055,0.8178,1.7500,2.1710,1.9605,0.4210,0.4924,1.4809,0.9867,0.9885,1.5698,2.2003,1.8850,0.6305,1.6001,2.0194,1.8097,0.4193,1.5948,2.2633,1.9290,0.6686,1.6624,2.1308,1.8966,0.4684,1.7348,2.0043,1.8695,0.2695,1.5691,2.0647,1.8169,0.4956,1.1550,2.5292,1.8421,1.3742,1.3939,2.0995,1.7467,0.7056,1.2079,1.5123,1.3601,0.3044,0.5861,1.1625,0.8743,0.5764,1.3160,2.1883,1.7522,0.8723,-0.0119,1.3112,0.6496,1.3232,0.2946,0.4799,0.3873,0.1853,1.1096,2.3138,1.7117,1.2042,-0.7558,1.9051,0.5747,2.6609
P04,0.5441,0.9253,0.7347,0.3812,1.1313,1.5432,1.3372,0.4119,1.2121,1.8403,1.5262,0.6282,0.6080,1.6679,1.1380,1.0599,0.7174,1.0530,0.8852,0.3356,1.2564,2.0343,1.6453,0.7779,0.8244,1.5735,1.1990,0.7491,0.8610,1.4630,1.1620,0.6020,1.7589,2.2243,1.9916,0.4653,0.1981,1.3172,0.7576,1.1191,1.6902,2.1392,1.9147,0.4489,1.1062,1.9240,1.5151,0.8178,1.8175,2.2386,2.0280,0.4210,0.6149,1.6034,1.1092,0.9885,1.5827,2.2132,1.8979,0.6305,1.6718,2.0911,1.8814,0.4193,1.6587,2.3273,1.9930,0.6686,1.7639,2.2323,1.9981,0.4684,1.7501,2.0195,1.8848,0.2695,1.6380,2.1336,1.8858,0.4956,0.9838,2.3580,1.6709,1.3742,1.4506,2.1563,1.8035,0.7056,1.1978,1.5022,1.3500,0.3044,0.6478,1.2242,0.9360,0.5764,1.3143,2.1867,1.7505,0.8723,-0.0262,1.2970,0.6354,1.3232,0.3205,0.5058,0.4132,0.1853,1.3249,2.5291,1.9270,1.2042,-0.6608,2.0001,0.6696,2.6609
P05,0.4908,0.8721,0.6814,0.3812,1.0450,1.4569,1.2509,0.4119,1.1744,1.8026,1.4885,0.6282,0.5657,1.6256,1.0956,1.0599,0.6674,1.0030,0.8352,0.3356,1.2720,2.0499,1.6609,0.7779,0.7996,1.5487,1.1741,0.7491,0.8546,1.4566,1.1556,0.6020,1.7653,2.2307,1.9980,0.4653,0.1621,1.2812,0.7217,1.1191,1.6946,2.1436,1.9191,0.4489,1.0549,1.8727,1.4638,0.8178,1.7805,2.2015,1.9910,0.4210,0.5638,1.5523,1.0580,0.9885,1.6054,2.2360,1.9207,0.6305,1.6664,2.0857,1.8760,0.4193,1.6871,2.3557,2.0214,0.6686,1.7174,2.1858,1.9516,0.4684,1.7664,2.0359,1.9012,0.2695,1.6197,2.1153,1.8675,0.4956,0.9706,2.3447,1.6576,1.3742,1.4568,2.1624,1.8096,0.7056,1.2311,1.5355,1.3833,0.3044,0.5993,1.1757,0.8875,0.5764,1.2908,2.1631,1.7269,0.8723,-0.1489,1.1743,0.5127,1.3232,0.3127,0.4981,0.4054,0.1853,1.3253,2.5295,1.9274,1.2042,-0.7122,1.9487,0.6182,2.6609
P06,0.4899,0.8711,0.6805,0.3812,1.0479,1.4598,1.2538,0.4119,1.1321,1.7603,1.4462,0.6282,0.4418,1.5017,0.9718,1.0599,0.6522,0.9878,0.8200,0.3356,1.2417,2.0197,1.6307,0.7779,0.8370,1.5861,1.2115,0.7491,0.8114,1.4134,1.1124,0.6020,1.7127,2.1781,1.9454,0.4653,0.1256,1.2447,0.6852,1.1191,1.6307,2.0797,1.8552,0.4489,1.0154,1.8332,1.4243,0.8178,1.7404,2.1614,1.9509,0.4210,0.4790,1.4675,0.9732,0.9885,1.5573,2.1878,1.8725,0.6305,1.6591,2.0784,1.8688,0.4193,1.6630,2.3315,1.9972,0.6686,1.6827,2.1512,1.9170,0.4684,1.7380,2.0074,1.8727,0.2695,1.5699,2.0655,1.8177,0.4956,1.0542,2.4284,1.7413,1.3742,1.4738,2.1794,1.8266,0.7056,1.2262,1.5306,1.3784,0.3044,0.5780,1.1543,0.8662,0.5764,1.2723,2.1446,1.7084,0.8723,-0.1196,1.2035,0.5420,1.3232,0.3178,0.5031,0.4105,0.1853,1.2365,2.4407,1.8386,1.2042,-0.6746,1.9864,0.6559,2.6609
P07,0.4575,0.8387,0.6481,0.3812,0.9556,1.3674,1.1615,0.4119,1.1461,1.7743,1.4602,0.6282,0.4876,1.5475,1.0176,1.0599,0.6544,0.9901,0.8222,0.3356,1.2229,2.0009,1.6119,0.7779,0.7960,1.5450,1.1705,0.7491,0.8210,1.4230,1.1220,0.6020,1.7042,2.1695,1.9369,0.4653,0.1273,1.2464,0.6869,1.1191,1.6309,2.0798,1.8554,0.4489,1.1206,1.9384,1.5295,0.8178,1.7933,2.2144,2.0039,0.4210,0.5538,1.5423,1.0481,0.9885,1.5938,2.2243,1.9091,0.6305,1.6394,2.0586,1.8490,0.4193,1.6768,2.3453,2.0110,0.6686,1.7035,2.1720,1.9377,0.4684,1.7542,2.0237,1.8889,0.2695,1.6161,2.1117,1.8639,0.4956,1.0271,2.4013,1.7142,1.3742,1.3750,2.0806,1.7278,0.7056,1.2204,1.5248,1.3726,0.3044,0.6217,1.1981,0.9099,0.5764,1.3397,2.2120,1.7759,0.8723,0.0976,1.4207,0.7592,1.3232,0.3005,0.4859,0.3932,0.1853,1.1569,2.3611,1.7590,1.2042,-0.6880,1.9729,0.6425,2.6609
P08,0.4996,0.8808,0.6902,0.3812,1.0834,1.4953,1.2894,0.4119,1.1433,1.7715,1.4574,0.6282,0.5995,1.6594,1.1295,1.0599,0.7143,1.0499,0.8821,0.3356,1.2445,2.0225,1.6335,0.7779,0.8415,1.5906,1.2161,0.7491,0.8803,1.4823,1.1813,0.6020,1.7124,2.1777,1.9450,0.4653,0.1657,1.2848,0.7253,1.1191,1.6365,2.0855,1.8610,0.4489,1.0576,1.8754,1.4665,0.8178,1.7861,2.2071,1.9966,0.4210,0.5400,1.5285,1.0342,0.9885,1.6095,2.2401,1.9248,0.6305,1.6605,2.0798,1.8701,0.4193,1.6526,2.3212,1.9869,0.6686,1.7179,2.1863,1.9521,0.4684,1.7471,2.0166,1.8818,0.2695,1.5898,2.0854,1.8376,0.4956,1.2152,2.5894,1.9023,1.3742,1.4799,2.1855,1.8327,0.7056,1.2034,1.5078,1.3556,0.3044,0.5698,1.1461,0.8579,0.5764,1.3184,2.1907,1.7546,0.8723,-0.0876,1.2356,0.5740,1.3232,0.3115,0.4969,0.4042,0.1853,1.2541,2.4583,1.8562,1.2042,-0.6694,1.9915,0.6610,2.6609
P09,0.5175,0.8987,0.7081,0.3812,1.0482,1.4600,1.2541,0.4119,1.1958,1.8240,1.5099,0.6282,0.4788,1.5387,1.0088,1.0599,0.6390,0.9747,0.8069,0.3356,1.2631,2.0411,1.6521,0.7779,0.8112,1.5603,1.1858,0.7491,0.8645,1.4665,1.1655,0.6020,1.7548,2.2201,1.9875,0.4653,0.0964,1.2155,0.6559,1.1191,1.6341,2.0831,1.8586,0.4489,1.0904,1.9082,1.4993,0.8178,1.7838,2.2049,1.9944,0.4210,0.5854,1.5739,1.0796,0.9885,1.6272,2.2577,1.9425,0.6305,1.6602,2.0795,1.8698,0.4193,1.6527,2.3213,1.9870,0.6686,1.7467,2.2151,1.9809,0.4684,1.7632,2.0327,1.8980,0.2695,1.5663,2.0619,1.8141,0.4956,1.0801,2.4543,1.7672,1.3742,1.4783,2.1839,1.8311,0.7056,1.2122,1.5167,1.3644,0.3044,0.6375,1.2139,0.9257,0.5764,1.2898,2.1621,1.7260,0.8723,-0.0783,1.2448,0.5832,1.3232,0.3077,0.4931,0.4004,0.1853,1.3161,2.5203,1.9182,1.2042,-0.7641,1.8968,0.5664,2.6609
P10,0.4764,0.8577,0.6671,0.3812,1.0435,1.4553,1.2494,0.4119,1.2126,1.8408,1.5267,0.6282,0.4482,1.5081,0.9781,1.0599,0.6686,1.0043,0.8365,0.3356,1.2089,1.9868,1.5979,0.7779,0.7730,1.5221,1.1475,0.7491,0.8651,1.4671,1.1661,0.6020,1.7359,2.2013,1.9686,0.4653,0.1635,1.2826,0.7230,1.1191,1.6273,2.0762,1.8518,0.4489,1.0585,1.8762,1.4674,0.8178,1.7959,2.2170,2.0064,0.4210,0.5338,1.5223,1.0280,0.9885,1.5869,2.2174,1.9021,0.6305,1.6685,2.0878,1.8782,0.4193,1.6640,2.3326,1.9983,0.6686,1.7148,2.1833,1.9491,0.4684,1.7529,2.0224,1.8876,0.2695,1.6027,2.0983,1.8505,0.4956,1.0503,2.4245,1.7374,1.3742,1.4495,2.1551,1.8023,0.7056,1.2168,1.5212,1.3690,0.3044,0.6201,1.1965,0.9083,0.5764,1.3295,2.2018,1.7657,0.8723,-0.0581,1.2650,0.6035,1.3232,0.3150,0.5003,0.4076,0.1853,1.1953,2.3995,1.7974,1.2042,-0.7292,1.9318,0.6013,2.6609
P11,0.4871,0.8683,0.6777,0.3812,1.0797,1.4915,1.2856,0.4119,1.2155,1.8437,1.5296,0.6282,0.5201,1.5800,1.0501,1.0599,0.6951,1.0307,0.8629,0.3356,1.2694,2.0474,1.6584,0.7779,0.8418,1.5909,1.2164,0.7491,0.8700,1.4720,1.1710,0.6020,1.7642,2.2295,1.9968,0.4653,0.1987,1.3177,0.7582,1.1191,1.6348,2.0837,1.8593,0.4489,1.1025,1.9203,1.5114,0.8178,1.8039,2.2249,2.0144,0.4210,0.6004,1.5889,1.0946,0.9885,1.6014,2.2319,1.9167,0.6305,1.6514,2.0707,1.8610,0.4193,1.6578,2.3264,1.9921,0.6686,1.7120,2.1805,1.9462,0.4684,1.7486,2.0180,1.8833,0.2695,1.6236,2.1192,1.8714,0.4956,1.0397,2.4138,1.7268,1.3742,1.4410,2.1467,1.7938,0.7056,1.2225,1.5269,1.3747,0.3044,0.6627,1.2391,0.9509,0.5764,1.3270,2.1993,1.7631,0.8723,0.0483,1.3715,0.7099,1.3232,0.3230,0.5083,0.4156,0.1853,1.1808,2.3850,1.7829,1.2042,-0.7469,1.9140,0.5836,2.6609
P12,0.5609,0.9421,0.7515,0.3812,1.1763,1.5881,1.3822,0.4119,1.2499,1.8781,1.5640,0.6282,0.5924,1.6523,1.1224,1.0599,0.7494,1.0850,0.9172,0.3356,1.3787,2.1567,1.7677,0.7779,0.8776,1.6267,1.2521,0.7491,0.9454,1.5474,1.2464,0.6020,1.7502,2.2155,1.9829,0.4653,0.1701,1.2892,0.7296,1.1191,1.6434,2.0923,1.8679,0.4489,1.1016,1.9194,1.5105,0.8178,1.7999,2.2210,2.0104,0.4210,0.5692,1.5577,1.0634,0.9885,1.6298,2.2603,1.9450,0.6305,1.7169,2.1362,1.9265,0.4193,1.6594,2.3280,1.9937,0.6686,1.7238,2.1922,1.9580,0.4684,1.7808,2.0503,1.9155,0.2695,1.6319,2.1275,1.8797,0.4956,1.2166,2.5908,1.9037,1.3742,1.5629,2.2685,1.9157,0.7056,1.2063,1.5107,1.3585,0.3044,0.5805,1.1568,0.8686,0.5764,1.2319,2.1042,1.6680,0.8723,-0.2399,1.0833,0.4217,1.3232,0.3366,0.5219,0.4292,0.1853,1.5023,2.7065,2.1044,1.2042,-0.7144,1.9465,0.6161,2.6609
P13,0.4860,0.8672,0.6766,0.3812,1.1085,1.5204,1.3145,0.4119,1.2117,1.8399,1.5258,0.6282,0.5993,1.6592,1.1292,1.0599,0.6859,1.0215,0.8537,0.3356,1.3085,2.0864,1.6974,0.7779,0.8424,1.5915,1.2169,0.7491,0.8689,1.4709,1.1699,0.6020,1.7661,2.2315,1.9988,0.4653,0.1783,1.2974,0.7379,1.1191,1.6361,2.0850,1.8605,0.4489,1.0766,1.8943,1.4855,0.8178,1.8239,2.2449,2.0344,0.4210,0.5610,1.5495,1.0553,0.9885,1.5897,2.2202,1.9049,0.6305,1.6587,2.0780,1.8684,0.4193,1.6604,2.3290,1.9947,0.6686,1.7784,2.2469,2.0126,0.4684,1.7526,2.0221,1.8874,0.2695,1.5923,2.0879,1.8401,0.4956,1.1925,2.5667,1.8796,1.3742,1.5017,2.2073,1.8545,0.7056,1.1967,1.5011,1.3489,0.3044,0.6243,1.2007,0.9125,0.5764,1.2416,2.1139,1.6777,0.8723,-0.1218,1.2014,0.5398,1.3232,0.3060,0.4913,0.3987,0.1853,1.2393,2.4435,1.8414,1.2042,-0.7248,1.9361,0.6057,2.6609
P14,0.4799,0.8611,0.6705,0.3812,1.1331,1.5450,1.3390,0.4119,1.2353,1.8635,1.5494,0.6282,0.4918,1.5517,1.0217,1.0599,0.6991,1.0348,0.8669,0.3356,1.3087,2.0866,1.6976,0.7779,0.9153,1.6644,1.2898,0.7491,0.8877,1.4897,1.1887,0.6020,1.7890,2.2543,2.0216,0.4653,0.0919,1.2110,0.6514,1.1191,1.6539,2.1028,1.8783,0.4489,1.0844,1.9021,1.4933,0.8178,1.8315,2.2526,2.0421,0.4210,0.6785,1.6671,1.1728,0.9885,1.6878,2.3183,2.0030,0.6305,1.6711,2.0904,1.8808,0.4193,1.6435,2.3120,1.9777,0.6686,1.7238,2.1923,1.9580,0.4684,1.7598,2.0293,1.8946,0.2695,1.6491,2.1447,1.8969,0.4956,1.4078,2.7820,2.0949,1.3742,1.6515,2.3571,2.0043,0.7056,1.2031,1.5076,1.3553,0.3044,0.6243,1.2006,0.9124,0.5764,1.3790,2.2513,1.8152,0.8723,-0.0959,1.2272,0.5656,1.3232,0.3051,0.4905,0.3978,0.1853,1.3910,2.5952,1.9931,1.2042,-0.7468,1.9141,0.5837,2.6609
P15,0.5221,0.9034,0.7127,0.3812,1.1522,1.5641,1.3581,0.4119,1.1450,1.7732,1.4591,0.6282,0.4926,1.5525,1.0226,1.0599,0.7395,1.0752,0.9074,0.3356,1.3394,2.1174,1.7284,0.7779,0.8902,1.6393,1.2648,0.7491,0.8851,1.4871,1.1861,0.6020,1.7643,2.2296,1.9969,0.4653,0.0760,1.1951,0.6356,1.1191,1.6673,2.1162,1.8918,0.4489,1.0394,1.8571,1.4483,0.8178,1.7780,2.1991,1.9886,0.4210,0.4749,1.4634,0.9691,0.9885,1.5315,2.1620,1.8467,0.6305,1.7012,2.1205,1.9109,0.4193,1.7078,2.3764,2.0421,0.6686,1.6297,2.0982,1.8639,0.4684,1.7174,1.9869,1.8522,0.2695,1.6299,2.1254,1.8777,0.4956,1.1627,2.5369,1.8498,1.3742,1.5857,2.2913,1.9385,0.7056,1.2119,1.5163,1.3641,0.3044,0.5302,1.1066,0.8184,0.5764,1.1744,2.0467,1.6105,0.8723,-0.1401,1.1831,0.5215,1.3232,0.3118,0.4972,0.4045,0.1853,1.3860,2.5902,1.9881,1.2042,-0.8622,1.7987,0.4682,2.6609
P16,0.5135,0.8947,0.7041,0.3812,1.0881,1.5000,1.2941,0.4119,1.1938,1.8220,1.5079,0.6282,0.6630,1.7229,1.1930,1.0599,0.6955,1.0311,0.8633,0.3356,1.3516,2.1295,1.7406,0.7779,0.8601,1.6092,1.2346,0.7491,0.8820,1.4840,1.1830,0.6020,1.7827,2.2480,2.0154,0.4653,0.1789,1.2980,0.7385,1.1191,1.6618,2.1108,1.8863,0.4489,1.1232,1.9410,1.5321,0.8178,1.8058,2.2268,2.0163,0.4210,0.5733,1.5618,1.0675,0.9885,1.6409,2.2714,1.9561,0.6305,1.6715,2.0908,1.8812,0.4193,1.6461,2.3147,1.9804,0.6686,1.7402,2.2086,1.9744,0.4684,1.7759,2.0454,1.9107,0.2695,1.6066,2.1022,1.8544,0.4956,1.0698,2.4440,1.7569,1.3742,1.5171,2.2227,1.8699,0.7056,1.2149,1.5193,1.3671,0.3044,0.6255,1.2019,0.9137,0.5764,1.2652,2.1375,1.7013,0.8723,-0.2174,1.1057,0.4441,1.3232,0.3030,0.4883,0.3957,0.1853,1.3909,2.5951,1.9930,1.2042,-0.8139,1.8470,0.5166,2.6609
P18,0.5522,0.9334,0.7428,0.3812,1.0957,1.5075,1.3016,0.4119,1.2504,1.8786,1.5645,0.6282,0.6069,1.6668,1.1368,1.0599,0.7097,1.0454,0.8775,0.3356,1.2800,2.0580,1.6690,0.7779,0.8815,1.6306,1.2561,0.7491,0.9096,1.5116,1.2106,0.6020,1.7664,2.2317,1.9990,0.4653,0.1326,1.2517,0.6922,1.1191,1.6630,2.1119,1.8874,0.4489,1.0024,1.8202,1.4113,0.8178,1.6901,2.1111,1.9006,0.4210,0.5150,1.5035,1.0092,0.9885,1.6995,2.3301,2.0148,0.6305,1.6991,2.1184,1.9087,0.4193,1.6337,2.3023,1.9680,0.6686,1.6867,2.1552,1.9210,0.4684,1.7776,2.0470,1.9123,0.2695,1.6593,2.1549,1.9071,0.4956,1.1078,2.4820,1.7949,1.3742,1.6694,2.3751,2.0223,0.7056,1.2019,1.5063,1.3541,0.3044,0.5414,1.1177,0.8295,0.5764,1.2055,2.0778,1.6417,0.8723,-0.2037,1.1194,0.4578,1.3232,0.3225,0.5078,0.4152,0.1853,1.4764,2.6806,2.0785,1.2042,-0.7440,1.9169,0.5864,2.6609
P19,0.5255,0.9067,0.7161,0.3812,1.0476,1.4594,1.2535,0.4119,1.1257,1.7539,1.4398,0.6282,0.5074,1.5673,1.0373,1.0599,0.6639,0.9995,0.8317,0.3356,1.2317,2.0096,1.6206,0.7779,0.8121,1.5612,1.1866,0.7491,0.8600,1.4620,1.1610,0.6020,1.7742,2.2395,2.0068,0.4653,0.1014,1.2205,0.6610,1.1191,1.6399,2.0888,1.8644,0.4489,0.9896,1.8074,1.3985,0.8178,1.7326,2.1536,1.9431,0.4210,0.5419,1.5304,1.0361,0.9885,1.6112,2.2417,1.9264,0.6305,1.6593,2.0786,1.8690,0.4193,1.6299,2.2985,1.9642,0.6686,1.7075,2.1759,1.9417,0.4684,1.7625,2.0320,1.8973,0.2695,1.6094,2.1050,1.8572,0.4956,1.0942,2.4684,1.7813,1.3742,1.6354,2.3410,1.9882,0.7056,1.2220,1.5264,1.3742,0.3044,0.5622,1.1386,0.8504,0.5764,1.2155,2.0878,1.6517,0.8723,-0.1832,1.1400,0.4784,1.3232,0.3050,0.4903,0.3977,0.1853,1.4555,2.6597,2.0576,1.2042,-0.6878,1.9732,0.6427,2.6609
P20,0.5656,0.9468,0.7562,0.3812,1.1210,1.5328,1.3269,0.4119,1.2413,1.8695,1.5554,0.6282,0.4948,1.5547,1.0248,1.0599,0.6702,1.0059,0.8381,0.3356,1.2700,2.0479,1.6589,0.7779,0.8199,1.5690,1.1944,0.7491,0.8573,1.4593,1.1583,0.6020,1.7488,2.2141,1.9815,0.4653,0.1254,1.2445,0.6849,1.1191,1.6569,2.1059,1.8814,0.4489,0.9989,1.8167,1.4078,0.8178,1.7683,2.1893,1.9788,0.4210,0.5101,1.4986,1.0044,0.9885,1.6256,2.2561,1.9409,0.6305,1.6879,2.1072,1.8975,0.4193,1.6714,2.3400,2.0057,0.6686,1.6977,2.1662,1.9320,0.4684,1.7510,2.0205,1.8858,0.2695,1.5343,2.0299,1.7821,0.4956,1.1969,2.5711,1.8840,1.3742,1.6938,2.3995,2.0467,0.7056,1.2211,1.5256,1.3733,0.3044,0.5832,1.1596,0.8714,0.5764,1.2299,2.1022,1.6661,0.8723,-0.2162,1.1070,0.4454,1.3232,0.3135,0.4988,0.4062,0.1853,1.5314,2.7356,2.1335,1.2042,-0.7500,1.9109,0.5804,2.6609
P21,0.5377,0.9189,0.7283,0.3812,1.1108,1.5227,1.3168,0.4119,1.2033,1.8315,1.5174,0.6282,0.7057,1.7656,1.2356,1.0599,0.6800,1.0156,0.8478,0.3356,1.2992,2.0772,1.6882,0.7779,0.8397,1.5888,1.2142,0.7491,0.8962,1.4982,1.1972,0.6020,1.7742,2.2396,2.0069,0.4653,0.1178,1.2369,0.6774,1.1191,1.6795,2.1285,1.9040,0.4489,1.1075,1.9252,1.5163,0.8178,1.7896,2.2106,2.0001,0.4210,0.5727,1.5613,1.0670,0.9885,1.6699,2.3004,1.9852,0.6305,1.6775,2.0968,1.8871,0.4193,1.6723,2.3409,2.0066,0.6686,1.7182,2.1866,1.9524,0.4684,1.7742,2.0437,1.9089,0.2695,1.6342,2.1298,1.8820,0.4956,1.0065,2.3806,1.6935,1.3742,1.5649,2.2705,1.9177,0.7056,1.2206,1.5250,1.3728,0.3044,0.5843,1.1607,0.8725,0.5764,1.2544,2.1268,1.6906,0.8723,-0.1684,1.1548,0.4932,1.3232,0.3186,0.5040,0.4113,0.1853,1.4402,2.6444,2.0423,1.2042,-0.7920,1.8689,0.5385,2.6609
P22,0.5466,0.9278,0.7372,0.3812,1.0954,1.5072,1.3013,0.4119,1.1974,1.8256,1.5115,0.6282,0.5647,1.6246,1.0947,1.0599,0.7110,1.0466,0.8788,0.3356,1.2560,2.0339,1.6450,0.7779,0.8335,1.5826,1.2080,0.7491,0.8758,1.4778,1.1768,0.6020,1.7852,2.2505,2.0179,0.4653,0.1818,1.3009,0.7414,1.1191,1.6494,2.0983,1.8738,0.4489,1.1136,1.9313,1.5224,0.8178,1.7852,2.2063,1.9958,0.4210,0.5854,1.5739,1.0796,0.9885,1.6267,2.2573,1.9420,0.6305,1.6804,2.0997,1.8900,0.4193,1.6698,2.3384,2.0041,0.6686,1.7148,2.1833,1.9491,0.4684,1.7612,2.0307,1.8960,0.2695,1.6298,2.1254,1.8776,0.4956,1.1671,2.5413,1.8542,1.3742,1.6646,2.3702,2.0174,0.7056,1.2037,1.5081,1.3559,0.3044,0.6005,1.1768,0.8887,0.5764,1.2256,2.0979,1.6617,0.8723,-0.1003,1.2229,0.5613,1.3232,0.3182,0.5035,0.4109,0.1853,1.4275,2.6317,2.0296,1.2042,-0.7792,1.8817,0.5513,2.6609
P23,0.5291,0.9104,0.7198,0.3812,1.0711,1.4830,1.2770,0.4119,1.1878,1.8160,1.5019,0.6282,0.5947,1.6546,1.1247,1.0599,0.6479,0.9836,0.8158,0.3356,1.2635,2.0415,1.6525,0.7779,0.8165,1.5656,1.1911,0.7491,0.8736,1.4756,1.1746,0.6020,1.7555,2.2209,1.9882,0.4653,0.1318,1.2509,0.6914,1.1191,1.6792,2.1282,1.9037,0.4489,1.0282,1.8460,1.4371,0.8178,1.7767,2.1978,1.9873,0.4210,0.5335,1.5220,1.0278,0.9885,1.6121,2.2426,1.9273,0.6305,1.6562,2.0755,1.8658,0.4193,1.6582,2.3268,1.9925,0.6686,1.7326,2.2010,1.9668,0.4684,1.7384,2.0079,1.8731,0.2695,1.5975,2.0931,1.8453,0.4956,0.9778,2.3520,1.6649,1.3742,1.4565,2.1621,1.8093,0.7056,1.2128,1.5172,1.3650,0.3044,0.5915,1.1679,0.8797,0.5764,1.2110,2.0833,1.6471,0.8723,-0.2109,1.1123,0.4507,1.3232,0.3029,0.4882,0.3956,0.1853,1.3623,2.5665,1.9644,1.2042,-0.7260,1.9349,0.6045,2.6609
P24,0.5018,0.8830,0.6924,0.3812,1.0924,1.5043,1.2984,0.4119,1.1984,1.8266,1.5125,0.6282,0.6145,1.6744,1.1445,1.0599,0.6603,0.9959,0.8281,0.3356,1.2341,2.0120,1.6231,0.7779,0.8271,1.5762,1.2017,0.7491,0.8940,1.4960,1.1950,0.6020,1.7943,2.2596,2.0269,0.4653,0.1541,1.2731,0.7136,1.1191,1.6633,2.1122,1.8877,0.4489,1.0597,1.8775,1.4686,0.8178,1.7518,2.1729,1.9623,0.4210,0.5433,1.5318,1.0375,0.9885,1.6236,2.2541,1.9389,0.6305,1.6611,2.0804,1.8707,0.4193,1.6602,2.3288,1.9945,0.6686,1.7159,2.1843,1.9501,0.4684,1.7586,2.0280,1.8933,0.2695,1.5871,2.0827,1.8349,0.4956,1.1085,2.4827,1.7956,1.3742,1.5157,2.2213,1.8685,0.7056,1.1973,1.5017,1.3495,0.3044,0.5870,1.1634,0.8752,0.5764,1.2579,2.1302,1.6941,0.8723,-0.1811,1.1421,0.4805,1.3232,0.3001,0.4854,0.3927,0.1853,1.3152,2.5194,1.9173,1.2042,-0.7086,1.9523,0.6219,2.6609
P25,0.5112,0.8924,0.7018,0.3812,1.0983,1.5102,1.3042,0.4119,1.2332,1.8614,1.5473,0.6282,0.6402,1.7001,1.1701,1.0599,0.6606,0.9963,0.8284,0.3356,1.2789,2.0568,1.6679,0.7779,0.8070,1.5561,1.1815,0.7491,0.8713,1.4733,1.1723,0.6020,1.7377,2.2031,1.9704,0.4653,0.1307,1.2498,0.6902,1.1191,1.6587,2.1077,1.8832,0.4489,1.0375,1.8553,1.4464,0.8178,1.7708,2.1918,1.9813,0.4210,0.5275,1.5161,1.0218,0.9885,1.6254,2.2559,1.9407,0.6305,1.6489,2.0682,1.8586,0.4193,1.6425,2.3111,1.9768,0.6686,1.7411,2.2095,1.9753,0.4684,1.7630,2.0325,1.8977,0.2695,1.6112,2.1068,1.8590,0.4956,1.0882,2.4624,1.7753,1.3742,1.5165,2.2221,1.8693,0.7056,1.2180,1.5224,1.3702,0.3044,0.6055,1.1819,0.8937,0.5764,1.2552,2.1275,1.6913,0.8723,-0.2244,1.0987,0.4372,1.3232,0.3095,0.4948,0.4021,0.1853,1.3454,2.5496,1.9475,1.2042,-0.7249,1.9360,0.6055,2.6609
P26,0.5182,0.8994,0.7088,0.3812,1.1292,1.5410,1.3351,0.4119,1.2364,1.8646,1.5505,0.6282,0.6386,1.6985,1.1685,1.0599,0.6910,1.0267,0.8588,0.3356,1.3358,2.1137,1.7247,0.7779,0.8481,1.5971,1.2226,0.7491,0.8945,1.4965,1.1955,0.6020,1.7928,2.2581,2.0255,0.4653,0.1710,1.2900,0.7305,1.1191,1.6663,2.1152,1.8908,0.4489,1.0966,1.9144,1.5055,0.8178,1.8095,2.2305,2.0200,0.4210,0.5641,1.5526,1.0583,0.9885,1.6374,2.2679,1.9527,0.6305,1.6668,2.0860,1.8764,0.4193,1.6494,2.3180,1.9837,0.6686,1.7261,2.1945,1.9603,0.4684,1.7662,2.0356,1.9009,0.2695,1.6377,2.1333,1.8855,0.4956,1.0430,2.4172,1.7301,1.3742,1.4912,2.1968,1.8440,0.7056,1.2023,1.5067,1.3545,0.3044,0.6229,1.1993,0.9111,0.5764,1.2998,2.1721,1.7359,0.8723,-0.0898,1.2334,0.5718,1.3232,0.3163,0.5017,0.4090,0.1853,1.2897,2.4939,1.8918,1.2042,-0.8026,1.8583,0.5279,2.6609
P27,0.4891,0.8703,0.6797,0.3812,1.0477,1.4596,1.2537,0.4119,1.1739,1.8021,1.4880,0.6282,0.6178,1.6777,1.1477,1.0599,0.6421,0.9777,0.8099,0.3356,1.2590,2.0369,1.6479,0.7779,0.8523,1.6014,1.2269,0.7491,0.8832,1.4852,1.1842,0.6020,1.7763,2.2416,2.0089,0.4653,0.1307,1.2498,0.6903,1.1191,1.6408,2.0898,1.8653,0.4489,1.0472,1.8650,1.4561,0.8178,1.7673,2.1883,1.9778,0.4210,0.5393,1.5278,1.0336,0.9885,1.5980,2.2285,1.9132,0.6305,1.6493,2.0685,1.8589,0.4193,1.6241,2.2926,1.9583,0.6686,1.7087,2.1771,1.9429,0.4684,1.7615,2.0310,1.8963,0.2695,1.5999,2.0955,1.8477,0.4956,1.0930,2.4672,1.7801,1.3742,1.4776,2.1833,1.8304,0.7056,1.2068,1.5112,1.3590,0.3044,0.6055,1.1819,0.8937,0.5764,1.2835,2.1558,1.7196,0.8723,-0.0782,1.2449,0.5834,1.3232,0.3008,0.4861,0.3935,0.1853,1.1916,2.3958,1.7937,1.2042,-0.7770,1.8839,0.5534,2.6609
P28,0.5498,0.9311,0.7405,0.3812,1.1146,1.5265,1.3206,0.4119,1.2220,1.8502,1.5361,0.6282,0.5581,1.6180,1.0881,1.0599,0.6923,1.0279,0.8601,0.3356,1.3316,2.1095,1.7205,0.7779,0.8510,1.6001,1.2255,0.7491,0.9233,1.5253,1.2243,0.6020,1.8105,2.2758,2.0432,0.4653,0.1659,1.2849,0.7254,1.1191,1.6734,2.1223,1.8979,0.4489,1.1271,1.9449,1.5360,0.8178,1.7938,2.2148,2.0043,0.4210,0.5947,1.5833,1.0890,0.9885,1.6153,2.2458,1.9306,0.6305,1.6834,2.1027,1.8931,0.4193,1.6459,2.3145,1.9802,0.6686,1.7749,2.2433,2.0091,0.4684,1.7620,2.0315,1.8968,0.2695,1.6266,2.1222,1.8744,0.4956,1.1014,2.4756,1.7885,1.3742,1.4988,2.2044,1.8516,0.7056,1.2020,1.5064,1.3542,0.3044,0.6453,1.2217,0.9335,0.5764,1.2751,2.1474,1.7113,0.8723,-0.1543,1.1688,0.5073,1.3232,0.3172,0.5025,0.4099,0.1853,1.3360,2.5402,1.9381,1.2042,-0.6890,1.9720,0.6415,2.6609
P29,0.5281,0.9094,0.7188,0.3812,1.0749,1.4868,1.2808,0.4119,1.2126,1.8408,1.5267,0.6282,0.4219,1.4818,0.9519,1.0599,0.6842,1.0198,0.8520,0.3356,1.1984,1.9763,1.5874,0.7779,0.8422,1.5913,1.2168,0.7491,0.8677,1.4697,1.1687,0.6020,1.7573,2.2226,1.9900,0.4653,0.1750,1.2941,0.7345,1.1191,1.6713,2.1202,1.8957,0.4489,1.0479,1.8656,1.4568,0.8178,1.7570,2.1780,1.9675,0.4210,0.4873,1.4758,0.9815,0.9885,1.5639,2.1945,1.8792,0.6305,1.6328,2.0521,1.8424,0.4193,1.6175,2.2860,1.9518,0.6686,1.6848,2.1532,1.9190,0.4684,1.7429,2.0123,1.8776,0.2695,1.6015,2.0971,1.8493,0.4956,1.0245,2.3987,1.7116,1.3742,1.5046,2.2102,1.8574,0.7056,1.2100,1.5144,1.3622,0.3044,0.5721,1.1485,0.8603,0.5764,1.2762,2.1485,1.7124,0.8723,-0.1777,1.1455,0.4839,1.3232,0.3071,0.4924,0.3998,0.1853,1.3639,2.5681,1.9660,1.2042,-0.6888,1.9721,0.6417,2.6609
P30,0.5459,0.9272,0.7365,0.3812,1.1245,1.5364,1.3304,0.4119,1.1454,1.7736,1.4595,0.6282,0.5058,1.5658,1.0358,1.0599,0.7063,1.0419,0.8741,0.3356,1.2274,2.0054,1.6164,0.7779,0.8166,1.5656,1.1911,0.7491,0.8893,1.4913,1.1903,0.6020,1.8090,2.2743,2.0416,0.4653,0.2086,1.3277,0.7681,1.1191,1.6528,2.1017,1.8773,0.4489,1.1528,1.9706,1.5617,0.8178,1.7990,2.2200,2.0095,0.4210,0.5517,1.5402,1.0460,0.9885,1.5881,2.2186,1.9034,0.6305,1.6863,2.1056,1.8959,0.4193,1.6467,2.3153,1.9810,0.6686,1.7314,2.1999,1.9656,0.4684,1.7725,2.0420,1.9073,0.2695,1.6299,2.1255,1.8777,0.4956,1.0014,2.3756,1.6885,1.3742,1.4942,2.1999,1.8470,0.7056,1.1939,1.4983,1.3461,0.3044,0.6295,1.2059,0.9177,0.5764,1.2668,2.1391,1.7029,0.8723,-0.0378,1.2854,0.6238,1.3232,0.3148,0.5001,0.4074,0.1853,1.3590,2.5632,1.9611,1.2042,-0.6715,1.9894,0.6590,2.6609
P31,0.5345,0.9158,0.7251,0.3812,1.0896,1.5015,1.2956,0.4119,1.1939,1.8221,1.5080,0.6282,0.6452,1.7051,1.1752,1.0599,0.7023,1.0379,0.8701,0.3356,1.2504,2.0283,1.6394,0.7779,0.8476,1.5967,1.2221,0.7491,0.9074,1.5094,1.2084,0.6020,1.7846,2.2499,2.0172,0.4653,0.2088,1.3278,0.7683,1.1191,1.6297,2.0787,1.8542,0.4489,1.1341,1.9519,1.5430,0.8178,1.8016,2.2227,2.0122,0.4210,0.6421,1.6306,1.1364,0.9885,1.6325,2.2630,1.9477,0.6305,1.6547,2.0739,1.8643,0.4193,1.6522,2.3207,1.9865,0.6686,1.7266,2.1950,1.9608,0.4684,1.7650,2.0345,1.8997,0.2695,1.6612,2.1568,1.9090,0.4956,1.0727,2.4468,1.7597,1.3742,1.5838,2.2894,1.9366,0.7056,1.2055,1.5099,1.3577,0.3044,0.6218,1.1981,0.9099,0.5764,1.3112,2.1836,1.7474,0.8723,-0.0009,1.3223,0.6607,1.3232,0.3271,0.5124,0.4197,0.1853,1.2553,2.4595,1.8574,1.2042,-0.6898,1.9711,0.6406,2.6609
P32,0.5303,0.9116,0.7209,0.3812,1.0373,1.4491,1.2432,0.4119,1.1542,1.7824,1.4683,0.6282,0.4208,1.4808,0.9508,1.0599,0.6790,1.0146,0.8468,0.3356,1.1738,1.9517,1.5628,0.7779,0.7753,1.5244,1.1498,0.7491,0.8571,1.4591,1.1581,0.6020,1.7375,2.2028,1.9702,0.4653,0.0953,1.2144,0.6548,1.1191,1.6561,2.1050,1.8806,0.4489,0.9752,1.7930,1.3841,0.8178,1.7460,2.1671,1.9565,0.4210,0.4944,1.4829,0.9887,0.9885,1.5886,2.2191,1.9039,0.6305,1.6715,2.0908,1.8811,0.4193,1.6655,2.3341,1.9998,0.6686,1.6937,2.1621,1.9279,0.4684,1.7474,2.0169,1.8822,0.2695,1.5967,2.0923,1.8445,0.4956,1.1899,2.5641,1.8770,1.3742,1.7023,2.4079,2.0551,0.7056,1.2104,1.5148,1.3626,0.3044,0.5098,1.0862,0.7980,0.5764,1.1102,1.9825,1.5464,0.8723,-0.2373,1.0859,0.4243,1.3232,0.3098,0.4952,0.4025,0.1853,1.6046,2.8088,2.2067,1.2042,-0.7745,1.8864,0.5559,2.6609
P33,0.4480,0.8292,0.6386,0.3812,0.9353,1.3471,1.1412,0.4119,1.0153,1.6435,1.3294,0.6282,0.4347,1.4947,0.9647,1.0599,0.6420,0.9776,0.8098,0.3356,1.1402,1.9182,1.5292,0.7779,0.7180,1.4671,1.0925,0.7491,0.8273,1.4293,1.1283,0.6020,1.7883,2.2537,2.0210,0.4653,0.0917,1.2108,0.6513,1.1191,1.6139,2.0629,1.8384,0.4489,1.0379,1.8557,1.4468,0.8178,1.7649,2.1859,1.9754,0.4210,0.5583,1.5468,1.0526,0.9885,1.5283,2.1588,1.8436,0.6305,1.6202,2.0394,1.8298,0.4193,1.5992,2.2678,1.9335,0.6686,1.6635,2.1319,1.8977,0.4684,1.7408,2.0102,1.8755,0.2695,1.5796,2.0752,1.8274,0.4956,1.1728,2.5470,1.8599,1.3742,1.4795,2.1851,1.8323,0.7056,1.2193,1.5237,1.3715,0.3044,0.5885,1.1649,0.8767,0.5764,1.2242,2.0966,1.6604,0.8723,-0.0622,1.2609,0.5993,1.3232,0.2936,0.4790,0.3863,0.1853,1.0607,2.2649,1.6628,1.2042,-0.6387,2.0223,0.6918,2.6609
P34,0.4564,0.8377,0.6471,0.3812,0.9941,1.4060,1.2001,0.4119,1.0904,1.7186,1.4045,0.6282,0.4495,1.5094,0.9794,1.0599,0.6661,1.0017,0.8339,0.3356,1.2363,2.0142,1.6253,0.7779,0.7770,1.5261,1.1516,0.7491,0.8699,1.4719,1.1709,0.6020,1.7915,2.2568,2.0242,0.4653,0.1479,1.2670,0.7074,1.1191,1.6007,2.0496,1.8252,0.4489,1.0595,1.8773,1.4684,0.8178,1.7454,2.1665,1.9560,0.4210,0.5531,1.5416,1.0474,0.9885,1.6107,2.2412,1.9259,0.6305,1.6614,2.0807,1.8711,0.4193,1.6583,2.3269,1.9926,0.6686,1.7159,2.1844,1.9502,0.4684,1.7518,2.0212,1.8865,0.2695,1.5955,2.0911,1.8433,0.4956,1.1464,2.5206,1.8335,1.3742,1.4139,2.1195,1.7667,0.7056,1.1934,1.4978,1.3456,0.3044,0.5860,1.1624,0.8742,0.5764,1.2607,2.1330,1.6969,0.8723,-0.0181,1.3050,0.6434,1.3232,0.3006,0.4859,0.3933,0.1853,1.0978,2.3020,1.6999,1.2042,-0.6703,1.9906,0.6601,2.6609
P35,0.4921,0.8733,0.6827,0.3812,0.9785,1.3903,1.1844,0.4119,1.0437,1.6719,1.3578,0.6282,0.5224,1.5823,1.0523,1.0599,0.6754,1.0111,0.8433,0.3356,1.2220,2.0000,1.6110,0.7779,0.7971,1.5462,1.1716,0.7491,0.8742,1.4762,1.1752,0.6020,1.8075,2.2728,2.0401,0.4653,0.0956,1.2147,0.6551,1.1191,1.5974,2.0463,1.8219,0.4489,1.1416,1.9594,1.5505,0.8178,1.8046,2.2256,2.0151,0.4210,0.6099,1.5984,1.1042,0.9885,1.6050,2.2356,1.9203,0.6305,1.6606,2.0799,1.8703,0.4193,1.6206,2.2891,1.9548,0.6686,1.7045,2.1729,1.9387,0.4684,1.7726,2.0421,1.9073,0.2695,1.6384,2.1340,1.8862,0.4956,1.1265,2.5007,1.8136,1.3742,1.4813,2.1869,1.8341,0.7056,1.2189,1.5233,1.3711,0.3044,0.6430,1.2194,0.9312,0.5764,1.2738,2.1461,1.7100,0.8723,-0.1328,1.1903,0.5288,1.3232,0.2932,0.4785,0.3858,0.1853,1.2017,2.4059,1.8038,1.2042,-0.7893,1.8716,0.5411,2.6609
P36,0.4431,0.8243,0.6337,0.3812,0.9632,1.3751,1.1692,0.4119,0.9995,1.6277,1.3136,0.6282,0.4098,1.4697,0.9397,1.0599,0.6175,0.9532,0.7853,0.3356,1.1416,1.9196,1.5306,0.7779,0.7388,1.4879,1.1134,0.7491,0.8353,1.4373,1.1363,0.6020,1.7516,2.2170,1.9843,0.4653,0.0409,1.1599,0.6004,1.1191,1.6026,2.0516,1.8271,0.4489,1.0422,1.8600,1.4511,0.8178,1.7800,2.2010,1.9905,0.4210,0.5811,1.5696,1.0753,0.9885,1.5673,2.1978,1.8825,0.6305,1.6114,2.0306,1.8210,0.4193,1.6141,2.2826,1.9484,0.6686,1.6886,2.1570,1.9228,0.4684,1.7572,2.0267,1.8919,0.2695,1.5614,2.0570,1.8092,0.4956,1.1069,2.4810,1.7940,1.3742,1.4616,2.1673,1.8145,0.7056,1.2079,1.5123,1.3601,0.3044,0.6322,1.2086,0.9204,0.5764,1.2963,2.1686,1.7325,0.8723,-0.1520,1.1712,0.5096,1.3232,0.2858,0.4712,0.3785,0.1853,1.1161,2.3203,1.7182,1.2042,-0.7781,1.8828,0.5524,2.6609
P37,0.5138,0.8951,0.7044,0.3812,0.9975,1.4094,1.2034,0.4119,1.0137,1.6419,1.3278,0.6282,0.4873,1.5473,1.0173,1.0599,0.6780,1.0137,0.8459,0.3356,1.2435,2.0214,1.6325,0.7779,0.7935,1.5425,1.1680,0.7491,0.8778,1.4798,1.1788,0.6020,1.7711,2.2364,2.0038,0.4653,0.0668,1.1859,0.6263,1.1191,1.6147,2.0636,1.8392,0.4489,1.0457,1.8634,1.4546,0.8178,1.7777,2.1987,1.9882,0.4210,0.5713,1.5598,1.0656,0.9885,1.6033,2.2338,1.9185,0.6305,1.6500,2.0693,1.8596,0.4193,1.6382,2.3068,1.9725,0.6686,1.6850,2.1534,1.9192,0.4684,1.7616,2.0311,1.8963,0.2695,1.6059,2.1015,1.8537,0.4956,1.2058,2.5800,1.8929,1.3742,1.6100,2.3156,1.9628,0.7056,1.2047,1.5091,1.3569,0.3044,0.6015,1.1779,0.8897,0.5764,1.2533,2.1256,1.6895,0.8723,-0.1491,1.1740,0.5124,1.3232,0.2991,0.4844,0.3918,0.1853,1.4330,2.6372,2.0351,1.2042,-0.6723,1.9887,0.6582,2.6609
P38,0.4841,0.8654,0.6748,0.3812,1.0073,1.4192,1.2133,0.4119,1.0873,1.7155,1.4014,0.6282,0.5723,1.6322,1.1022,1.0599,0.6774,1.0131,0.8453,0.3356,1.2250,2.0030,1.6140,0.7779,0.8183,1.5674,1.1928,0.7491,0.8872,1.4892,1.1882,0.6020,1.7826,2.2479,2.0153,0.4653,0.0779,1.1970,0.6375,1.1191,1.6389,2.0878,1.8633,0.4489,1.0948,1.9126,1.5037,0.8178,1.7980,2.2191,2.0085,0.4210,0.6167,1.6052,1.1109,0.9885,1.5997,2.2302,1.9150,0.6305,1.6563,2.0756,1.8659,0.4193,1.6678,2.3364,2.0021,0.6686,1.7488,2.2172,1.9830,0.4684,1.7620,2.0314,1.8967,0.2695,1.6239,2.1195,1.8717,0.4956,1.1229,2.4971,1.8100,1.3742,1.5817,2.2873,1.9345,0.7056,1.2088,1.5132,1.3610,0.3044,0.6071,1.1835,0.8953,0.5764,1.2511,2.1234,1.6873,0.8723,-0.0447,1.2785,0.6169,1.3232,0.2945,0.4799,0.3872,0.1853,1.2855,2.4897,1.8876,1.2042,-0.7455,1.9154,0.5850,2.6609
P39,0.5278,0.9091,0.7184,0.3812,0.9957,1.4075,1.2016,0.4119,1.0632,1.6914,1.3773,0.6282,0.4634,1.5233,0.9933,1.0599,0.6958,1.0315,0.8637,0.3356,1.2394,2.0173,1.6284,0.7779,0.7573,1.5064,1.1319,0.7491,0.9159,1.5179,1.2169,0.6020,1.7955,2.2608,2.0281,0.4653,0.1765,1.2956,0.7361,1.1191,1.6451,2.0941,1.8696,0.4489,1.1675,1.9852,1.5764,0.8178,1.8517,2.2727,2.0622,0.4210,0.6519,1.6404,1.1462,0.9885,1.6121,2.2426,1.9274,0.6305,1.6914,2.1107,1.9011,0.4193,1.6874,2.3559,2.0216,0.6686,1.7978,2.2662,2.0320,0.4684,1.7746,2.0440,1.9093,0.2695,1.5827,2.0783,1.8305,0.4956,1.1689,2.5431,1.8560,1.3742,1.5603,2.2659,1.9131,0.7056,1.1907,1.4951,1.3429,0.3044,0.6640,1.2404,0.9522,0.5764,1.3109,2.1833,1.7471,0.8723,-0.1392,1.1839,0.5224,1.3232,0.3027,0.4880,0.3954,0.1853,1.2980,2.5022,1.9001,1.2042,-0.6969,1.9640,0.6335,2.6609
P40,0.4491,0.8304,0.6398,0.3812,0.9947,1.4066,1.2006,0.4119,1.1465,1.7747,1.4606,0.6282,0.4177,1.4776,0.9476,1.0599,0.6444,0.9800,0.8122,0.3356,1.1670,1.9449,1.5560,0.7779,0.7806,1.5297,1.1552,0.7491,0.8243,1.4263,1.1253,0.6020,1.7088,2.1741,1.9414,0.4653,0.1281,1.2471,0.6876,1.1191,1.6021,2.0510,1.8266,0.4489,1.0010,1.8188,1.4099,0.8178,1.7537,2.1747,1.9642,0.4210,0.4867,1.4752,0.9809,0.9885,1.5533,2.1838,1.8686,0.6305,1.6264,2.0457,1.8361,0.4193,1.6024,2.2710,1.9367,0.6686,1.6864,2.1548,1.9206,0.4684,1.7273,1.9968,1.8621,0.2695,1.5752,2.0707,1.8230,0.4956,1.2935,2.6676,1.9805,1.3742,1.3996,2.1052,1.7524,0.7056,1.2225,1.5269,1.3747,0.3044,0.5371,1.1135,0.8253,0.5764,1.2463,2.1187,1.6825,0.8723,-0.0848,1.2383,0.5767,1.3232,0.3092,0.4945,0.4018,0.1853,1.1147,2.3189,1.7168,1.2042,-0.7863,1.8746,0.5441,2.6609
P41,0.4492,0.8304,0.6398,0.3812,0.9784,1.3903,1.1843,0.4119,1.0904,1.7186,1.4045,0.6282,0.4320,1.4919,0.9619,1.0599,0.6445,0.9801,0.8123,0.3356,1.2200,1.9980,1.6090,0.7779,0.7948,1.5439,1.1693,0.7491,0.8140,1.4160,1.1150,0.6020,1.7408,2.2062,1.9735,0.4653,0.1153,1.2344,0.6749,1.1191,1.6161,2.0651,1.8406,0.4489,0.9901,1.8078,1.3990,0.8178,1.7402,2.1612,1.9507,0.4210,0.5200,1.5085,1.0143,0.9885,1.5793,2.2098,1.8946,0.6305,1.6258,2.0451,1.8355,0.4193,1.5892,2.2577,1.9234,0.6686,1.6721,2.1405,1.9063,0.4684,1.7347,2.0042,1.8695,0.2695,1.5512,2.0467,1.7989,0.4956,1.1974,2.5715,1.8844,1.3742,1.4059,2.1115,1.7587,0.7056,1.2295,1.5339,1.3817,0.3044,0.5903,1.1667,0.8785,0.5764,1.2769,2.1493,1.7131,0.8723,-0.1615,1.1616,0.5001,1.3232,0.2917,0.4770,0.3844,0.1853,1.1235,2.3277,1.7256,1.2042,-0.7839,1.8771,0.5466,2.6609
P42,0.4779,0.8591,0.6685,0.3812,1.0372,1.4491,1.2432,0.4119,1.0991,1.7273,1.4132,0.6282,0.4142,1.4742,0.9442,1.0599,0.6536,0.9892,0.8214,0.3356,1.2696,2.0476,1.6586,0.7779,0.7999,1.5490,1.1744,0.7491,0.8521,1.4541,1.1531,0.6020,1.7590,2.2243,1.9917,0.4653,0.1197,1.2387,0.6792,1.1191,1.6462,2.0951,1.8706,0.4489,1.0293,1.8470,1.4381,0.8178,1.7768,2.1978,1.9873,0.4210,0.5697,1.5582,1.0639,0.9885,1.5884,2.2190,1.9037,0.6305,1.6787,2.0980,1.8884,0.4193,1.6859,2.3545,2.0202,0.6686,1.7237,2.1922,1.9579,0.4684,1.7569,2.0264,1.8916,0.2695,1.6119,2.1075,1.8597,0.4956,1.1279,2.5021,1.8150,1.3742,1.4731,2.1787,1.8259,0.7056,1.2103,1.5147,1.3625,0.3044,0.5800,1.1564,0.8682,0.5764,1.2579,2.1303,1.6941,0.8723,-0.1910,1.1322,0.4706,1.3232,0.3071,0.4925,0.3998,0.1853,1.3784,2.5826,1.9805,1.2042,-0.7358,1.9251,0.5947,2.6609
P43,0.4633,0.8445,0.6539,0.3812,0.9886,1.4005,1.1945,0.4119,1.0616,1.6898,1.3757,0.6282,0.4210,1.4810,0.9510,1.0599,0.6474,0.9831,0.8153,0.3356,1.1504,1.9283,1.5393,0.7779,0.7597,1.5088,1.1343,0.7491,0.7982,1.4002,1.0992,0.6020,1.7241,2.1894,1.9568,0.4653,0.1148,1.2339,0.6743,1.1191,1.6559,2.1049,1.8804,0.4489,0.9721,1.7898,1.3810,0.8178,1.7265,2.1475,1.9370,0.4210,0.4444,1.4329,0.9387,0.9885,1.5349,2.1654,1.8502,0.6305,1.6290,2.0483,1.8386,0.4193,1.6141,2.2826,1.9484,0.6686,1.7014,2.1698,1.9356,0.4684,1.7445,2.0139,1.8792,0.2695,1.5491,2.0447,1.7969,0.4956,1.1057,2.4798,1.7927,1.3742,1.4136,2.1192,1.7664,0.7056,1.2033,1.5077,1.3555,0.3044,0.5513,1.1277,0.8395,0.5764,1.2735,2.1458,1.7096,0.8723,-0.1053,1.2179,0.5563,1.3232,0.3001,0.4854,0.3928,0.1853,1.2162,2.4204,1.8183,1.2042,-0.6851,1.9758,0.6454,2.6609
P44,0.4676,0.8489,0.6582,0.3812,1.0308,1.4426,1.2367,0.4119,1.1152,1.7434,1.4293,0.6282,0.4187,1.4786,0.9487,1.0599,0.6585,0.9942,0.8264,0.3356,1.1159,1.8939,1.5049,0.7779,0.7493,1.4984,1.1239,0.7491,0.8544,1.4564,1.1554,0.6020,1.7313,2.1966,1.9640,0.4653,0.1013,1.2204,0.6609,1.1191,1.6420,2.0910,1.8665,0.4489,0.9364,1.7542,1.3453,0.8178,1.7060,2.1271,1.9165,0.4210,0.4575,1.4460,0.9517,0.9885,1.5347,2.1653,1.8500,0.6305,1.6195,2.0388,1.8292,0.4193,1.5994,2.2680,1.9337,0.6686,1.6876,2.1560,1.9218,0.4684,1.7429,2.0123,1.8776,0.2695,1.5099,2.0055,1.7577,0.4956,1.2521,2.6263,1.9392,1.3742,1.4761,2.1817,1.8289,0.7056,1.2118,1.5162,1.3640,0.3044,0.5350,1.1114,0.8232,0.5764,1.1496,2.0220,1.5858,0.8723,-0.2606,1.0626,0.4010,1.3232,0.2969,0.4822,0.3895,0.1853,1.2910,2.4952,1.8931,1.2042,-0.7653,1.8956,0.5651,2.6609
P45,0.4578,0.8390,0.6484,0.3812,0.9702,1.3821,1.1762,0.4119,1.0979,1.7261,1.4120,0.6282,0.4007,1.4606,0.9307,1.0599,0.6667,1.0024,0.8346,0.3356,1.1205,1.8984,1.5095,0.7779,0.7580,1.5071,1.1325,0.7491,0.8409,1.4429,1.1419,0.6020,1.6982,2.1635,1.9309,0.4653,0.0363,1.1554,0.5959,1.1191,1.6430,2.0919,1.8675,0.4489,0.9643,1.7820,1.3732,0.8178,1.7418,2.1628,1.9523,0.4210,0.4696,1.4581,0.9638,0.9885,1.5371,2.1676,1.8524,0.6305,1.6393,2.0586,1.8490,0.4193,1.6434,2.3119,1.9776,0.6686,1.7116,2.1801,1.9459,0.4684,1.7400,2.0095,1.8748,0.2695,1.5454,2.0409,1.7931,0.4956,1.1975,2.5717,1.8846,1.3742,1.4688,2.1745,1.8217,0.7056,1.2169,1.5213,1.3691,0.3044,0.5700,1.1464,0.8582,0.5764,1.2625,2.1348,1.6987,0.8723,-0.2394,1.0838,0.4222,1.3232,0.3063,0.4917,0.3990,0.1853,1.3748,2.5790,1.9769,1.2042,-0.6885,1.9724,0.6419,2.6609
P46,0.5271,0.9084,0.7177,0.3812,0.9755,1.3874,1.1814,0.4119,1.0313,1.6595,1.3454,0.6282,0.4060,1.4660,0.9360,1.0599,0.7018,1.0375,0.8696,0.3356,1.2131,1.9910,1.6020,0.7779,0.7424,1.4915,1.1169,0.7491,0.8745,1.4765,1.1755,0.6020,1.7916,2.2570,2.0243,0.4653,0.0952,1.2143,0.6548,1.1191,1.6390,2.0880,1.8635,0.4489,1.0964,1.9142,1.5053,0.8178,1.8213,2.2424,2.0318,0.4210,0.6227,1.6112,1.1169,0.9885,1.5711,2.2017,1.8864,0.6305,1.7026,2.1219,1.9123,0.4193,1.6611,2.3296,1.9954,0.6686,1.7474,2.2158,1.9816,0.4684,1.7572,2.0267,1.8920,0.2695,1.5260,2.0215,1.7737,0.4956,1.1193,2.4935,1.8064,1.3742,1.5177,2.2234,1.8705,0.7056,1.1994,1.5038,1.3516,0.3044,0.6490,1.2254,0.9372,0.5764,1.2612,2.1336,1.6974,0.8723,-0.1824,1.1408,0.4792,1.3232,0.3124,0.4978,0.4051,0.1853,1.3818,2.5860,1.9839,1.2042,-0.7129,1.9480,0.6175,2.6609
P47,0.5234,0.9046,0.7140,0.3812,1.0681,1.4800,1.2741,0.4119,1.1205,1.7487,1.4346,0.6282,0.4009,1.4608,0.9308,1.0599,0.6951,1.0308,0.8630,0.3356,1.2835,2.0615,1.6725,0.7779,0.8688,1.6179,1.2433,0.7491,0.8871,1.4891,1.1881,0.6020,1.8081,2.2734,2.0408,0.4653,0.0911,1.2102,0.6507,1.1191,1.6415,2.0904,1.8659,0.4489,1.0621,1.8798,1.4709,0.8178,1.8200,2.2410,2.0305,0.4210,0.6857,1.6743,1.1800,0.9885,1.6787,2.3093,1.9940,0.6305,1.6754,2.0947,1.8851,0.4193,1.5992,2.2678,1.9335,0.6686,1.7348,2.2032,1.9690,0.4684,1.7677,2.0371,1.9024,0.2695,1.6070,2.1026,1.8548,0.4956,1.4544,2.8285,2.1414,1.3742,1.6327,2.3383,1.9855,0.7056,1.1974,1.5018,1.3496,0.3044,0.6268,1.2032,0.9150,0.5764,1.3198,2.1922,1.7560,0.8723,-0.1510,1.1722,0.5106,1.3232,0.3095,0.4949,0.4022,0.1853,1.4460,2.6502,2.0481,1.2042,-0.7346,1.9263,0.5959,2.6609
P48,0.4863,0.8675,0.6769,0.3812,1.0077,1.4196,1.2136,0.4119,1.0518,1.6800,1.3659,0.6282,0.4494,1.5093,0.9793,1.0599,0.6407,0.9764,0.8085,0.3356,1.1643,1.9423,1.5533,0.7779,0.7715,1.5206,1.1461,0.7491,0.8178,1.4198,1.1188,0.6020,1.7590,2.2243,1.9916,0.4653,0.0814,1.2005,0.6409,1.1191,1.6369,2.0859,1.8614,0.4489,0.9761,1.7939,1.3850,0.8178,1.7760,2.1970,1.9865,0.4210,0.5565,1.5451,1.0508,0.9885,1.5650,2.1955,1.8802,0.6305,1.6338,2.0531,1.8435,0.4193,1.6348,2.3034,1.9691,0.6686,1.7272,2.1957,1.9615,0.4684,1.7435,2.0129,1.8782,0.2695,1.5330,2.0286,1.7808,0.4956,1.1512,2.5254,1.8383,1.3742,1.5757,2.2813,1.9285,0.7056,1.2086,1.5130,1.3608,0.3044,0.5617,1.1381,0.8499,0.5764,1.1583,2.0306,1.5945,0.8723,-0.2358,1.0874,0.4258,1.3232,0.2965,0.4818,0.3892,0.1853,1.4171,2.6213,2.0192,1.2042,-0.7308,1.9301,0.5996,2.6609
P49,0.5094,0.8906,0.7000,0.3812,0.9570,1.3689,1.1630,0.4119,1.0173,1.6455,1.3314,0.6282,0.4733,1.5332,1.0032,1.0599,0.6848,1.0205,0.8527,0.3356,1.1928,1.9708,1.5818,0.7779,0.7993,1.5484,1.1738,0.7491,0.8672,1.4692,1.1682,0.6020,1.8095,2.2748,2.0422,0.4653,0.0730,1.1921,0.6326,1.1191,1.6158,2.0647,1.8402,0.4489,1.0852,1.9030,1.4941,0.8178,1.7980,2.2191,2.0086,0.4210,0.6344,1.6230,1.1287,0.9885,1.6331,2.2636,1.9483,0.6305,1.6878,2.1070,1.8974,0.4193,1.6684,2.3369,2.0026,0.6686,1.7165,2.1849,1.9507,0.4684,1.7599,2.0293,1.8946,0.2695,1.6004,2.0960,1.8482,0.4956,1.1249,2.4991,1.8120,1.3742,1.6844,2.3900,2.0372,0.7056,1.1919,1.4964,1.3441,0.3044,0.6218,1.1982,0.9100,0.5764,1.2451,2.1174,1.6813,0.8723,-0.1528,1.1703,0.5088,1.3232,0.3046,0.4899,0.3973,0.1853,1.4053,2.6095,2.0074,1.2042,-0.6349,2.0261,0.6956,2.6609
P50,0.5199,0.9011,0.7105,0.3812,1.0052,1.4171,1.2112,0.4119,1.0387,1.6669,1.3528,0.6282,0.4494,1.5094,0.9794,1.0599,0.6645,1.0001,0.8323,0.3356,1.1920,1.9700,1.5810,0.7779,0.7754,1.5245,1.1500,0.7491,0.8570,1.4590,1.1580,0.6020,1.7540,2.2193,1.9867,0.4653,0.0477,1.1668,0.6073,1.1191,1.6357,2.0846,1.8601,0.4489,1.0017,1.8195,1.4106,0.8178,1.7668,2.1879,1.9774,0.4210,0.5634,1.5519,1.0576,0.9885,1.6021,2.2326,1.9174,0.6305,1.6295,2.0487,1.8391,0.4193,1.6740,2.3425,2.0082,0.6686,1.7309,2.1993,1.9651,0.4684,1.7373,2.0067,1.8720,0.2695,1.5065,2.0021,1.7543,0.4956,1.1660,2.5402,1.8531,1.3742,1.6654,2.3710,2.0182,0.7056,1.2090,1.5134,1.3612,0.3044,0.5407,1.1171,0.8289,0.5764,1.1436,2.0159,1.5797,0.8723,-0.2538,1.0693,0.4078,1.3232,0.2954,0.4808,0.3881,0.1853,1.5355,2.7397,2.1376,1.2042,-0.8205,1.8404,0.5100,2.6609
P51,0.4902,0.8714,0.6808,0.3812,0.9831,1.3949,1.1890,0.4119,1.0390,1.6672,1.3531,0.6282,0.4584,1.5184,0.9884,1.0599,0.6544,0.9901,0.8222,0.3356,1.2195,1.9974,1.6084,0.7779,0.7562,1.5053,1.1308,0.7491,0.8628,1.4648,1.1638,0.6020,1.7987,2.2640,2.0314,0.4653,0.0814,1.2005,0.6409,1.1191,1.6868,2.1358,1.9113,0.4489,1.0593,1.8771,1.4682,0.8178,1.8138,2.2348,2.0243,0.4210,0.6098,1.5983,1.1041,0.9885,1.5842,2.2148,1.8995,0.6305,1.6466,2.0658,1.8562,0.4193,1.6559,2.3245,1.9902,0.6686,1.7520,2.2205,1.9862,0.4684,1.7491,2.0186,1.8839,0.2695,1.5533,2.0489,1.8011,0.4956,1.1132,2.4874,1.8003,1.3742,1.5254,2.2310,1.8782,0.7056,1.2083,1.5127,1.3605,0.3044,0.6374,1.2138,0.9256,0.5764,1.2604,2.1327,1.6966,0.8723,-0.0164,1.3068,0.6452,1.3232,0.2994,0.4847,0.3921,0.1853,1.3750,2.5792,1.9771,1.2042,-0.6829,1.9780,0.6475,2.6609
P53,0.4552,0.8364,0.6458,0.3812,0.9495,1.3613,1.1554,0.4119,0.9938,1.6220,1.3079,0.6282,0.4534,1.5133,0.9834,1.0599,0.6326,0.9683,0.8004,0.3356,1.1387,1.9166,1.5277,0.7779,0.7527,1.5018,1.1272,0.7491,0.8369,1.4389,1.1379,0.6020,1.7860,2.2513,2.0186,0.4653,0.0598,1.1789,0.6193,1.1191,1.6098,2.0587,1.8343,0.4489,1.0112,1.8290,1.4201,0.8178,1.7840,2.2050,1.9945,0.4210,0.5875,1.5761,1.0818,0.9885,1.5421,2.1726,1.8573,0.6305,1.6272,2.0465,1.8369,0.4193,1.6315,2.3000,1.9657,0.6686,1.7258,2.1942,1.9600,0.4684,1.7416,2.0111,1.8763,0.2695,1.5972,2.0928,1.8450,0.4956,1.0943,2.4685,1.7814,1.3742,1.4638,2.1694,1.8166,0.7056,1.2045,1.5089,1.3567,0.3044,0.6272,1.2036,0.9154,0.5764,1.2517,2.1240,1.6879,0.8723,-0.0310,1.2921,0.6305,1.3232,0.2865,0.4718,0.3792,0.1853,1.1179,2.3221,1.7200,1.2042,-0.6553,2.0056,0.6751,2.6609
P54,0.4473,0.8285,0.6379,0.3812,0.9477,1.3596,1.1537,0.4119,1.0224,1.6506,1.3365,0.6282,0.3761,1.4360,0.9061,1.0599,0.6168,0.9524,0.7846,0.3356,1.1739,1.9519,1.5629,0.7779,0.7319,1.4810,1.1065,0.7491,0.8340,1.4360,1.1350,0.6020,1.7794,2.2447,2.0121,0.4653,0.0801,1.1992,0.6396,1.1191,1.6088,2.0577,1.8332,0.4489,1.0406,1.8584,1.4495,0.8178,1.7901,2.2111,2.0006,0.4210,0.5945,1.5831,1.0888,0.9885,1.5617,2.1923,1.8770,0.6305,1.6339,2.0532,1.8436,0.4193,1.6081,2.2767,1.9424,0.6686,1.7464,2.2148,1.9806,0.4684,1.7523,2.0218,1.8870,0.2695,1.5704,2.0659,1.8181,0.4956,1.1762,2.5503,1.8632,1.3742,1.5150,2.2207,1.8679,0.7056,1.2100,1.5144,1.3622,0.3044,0.6433,1.2197,0.9315,0.5764,1.2733,2.1456,1.7095,0.8723,-0.1885,1.1346,0.4731,1.3232,0.2841,0.4695,0.3768,0.1853,1.1357,2.3399,1.7378,1.2042,-0.7564,1.9045,0.5740,2.6609
P55,0.4871,0.8683,0.6777,0.3812,0.9864,1.3983,1.1923,0.4119,0.9803,1.6085,1.2944,0.6282,0.4774,1.5374,1.0074,1.0599,0.6557,0.9914,0.8236,0.3356,1.2145,1.9924,1.6035,0.7779,0.7129,1.4620,1.0875,0.7491,0.8336,1.4356,1.1346,0.6020,1.7772,2.2425,2.0099,0.4653,0.1076,1.2267,0.6672,1.1191,1.6251,2.0741,1.8496,0.4489,1.0542,1.8720,1.4631,0.8178,1.8066,2.2276,2.0171,0.4210,0.6352,1.6237,1.1295,0.9885,1.5880,2.2185,1.9032,0.6305,1.6483,2.0676,1.8580,0.4193,1.6405,2.3091,1.9748,0.6686,1.7329,2.2013,1.9671,0.4684,1.7532,2.0227,1.8879,0.2695,1.5823,2.0779,1.8301,0.4956,1.1771,2.5512,1.8641,1.3742,1.6650,2.3707,2.0178,0.7056,1.1965,1.5010,1.3487,0.3044,0.6202,1.1966,0.9084,0.5764,1.2305,2.1029,1.6667,0.8723,0.2257,1.5489,0.8873,1.3232,0.2958,0.4811,0.3885,0.1853,1.2134,2.4176,1.8155,1.2042,-0.6818,1.9792,0.6487,2.6609
P56,0.5058,0.8870,0.6964,0.3812,0.9588,1.3706,1.1647,0.4119,0.9674,1.5956,1.2815,0.6282,0.5184,1.5783,1.0483,1.0599,0.6350,0.9706,0.8028,0.3356,1.2255,2.0034,1.6144,0.7779,0.7590,1.5081,1.1336,0.7491,0.8809,1.4829,1.1819,0.6020,1.7768,2.2421,2.0094,0.4653,0.0851,1.2042,0.6446,1.1191,1.6866,2.1355,1.9111,0.4489,1.1460,1.9638,1.5549,0.8178,1.8521,2.2732,2.0627,0.4210,0.7130,1.7015,1.2072,0.9885,1.6127,2.2432,1.9280,0.6305,1.6478,2.0671,1.8575,0.4193,1.6891,2.3576,2.0234,0.6686,1.8004,2.2688,2.0346,0.4684,1.7710,2.0404,1.9057,0.2695,1.5972,2.0928,1.8450,0.4956,1.0493,2.4235,1.7364,1.3742,1.6226,2.3282,1.9754,0.7056,1.1984,1.5028,1.3506,0.3044,0.7236,1.2999,1.0117,0.5764,1.3062,2.1785,1.7423,0.8723,0.4866,1.8098,1.1482,1.3232,0.2925,0.4778,0.3852,0.1853,1.2170,2.4212,1.8191,1.2042,-0.6029,2.0580,0.7276,2.6609
P57,0.4793,0.8605,0.6699,0.3812,0.9458,1.3576,1.1517,0.4119,0.9705,1.5987,1.2846,0.6282,0.5138,1.5737,1.0437,1.0599,0.6323,0.9679,0.8001,0.3356,1.2198,1.9978,1.6088,0.7779,0.7238,1.4729,1.0984,0.7491,0.8521,1.4541,1.1531,0.6020,1.7743,2.2396,2.0069,0.4653,0.0307,1.1498,0.5902,1.1191,1.6199,2.0688,1.8443,0.4489,1.1003,1.9181,1.5092,0.8178,1.8180,2.2390,2.0285,0.4210,0.7194,1.7079,1.2136,0.9885,1.5761,2.2066,1.8913,0.6305,1.6346,2.0539,1.8442,0.4193,1.6272,2.2957,1.9614,0.6686,1.7833,2.2518,2.0175,0.4684,1.7530,2.0225,1.8877,0.2695,1.5917,2.0872,1.8395,0.4956,1.0854,2.4596,1.7725,1.3742,1.6526,2.3582,2.0054,0.7056,1.2076,1.5120,1.3598,0.3044,0.7038,1.2802,0.9920,0.5764,1.3079,2.1803,1.7441,0.8723,0.2925,1.6156,0.9540,1.3232,0.2897,0.4750,0.3823,0.1853,1.1605,2.3647,1.7626,1.2042,-0.7659,1.8950,0.5646,2.6609
P58,0.4409,0.8222,0.6316,0.3812,0.9212,1.3331,1.1272,0.4119,0.9889,1.6171,1.3030,0.6282,0.4448,1.5047,0.9748,1.0599,0.6289,0.9645,0.7967,0.3356,1.1145,1.8924,1.5034,0.7779,0.6817,1.4308,1.0562,0.7491,0.8322,1.4342,1.1332,0.6020,1.7821,2.2474,2.0147,0.4653,0.0924,1.2115,0.6519,1.1191,1.6380,2.0869,1.8624,0.4489,1.0242,1.8420,1.4331,0.8178,1.7530,2.1740,1.9635,0.4210,0.5684,1.5569,1.0627,0.9885,1.5344,2.1649,1.8497,0.6305,1.6174,2.0367,1.8271,0.4193,1.6285,2.2971,1.9628,0.6686,1.7187,2.1871,1.9529,0.4684,1.7504,2.0199,1.8851,0.2695,1.6067,2.1023,1.8545,0.4956,1.1782,2.5524,1.8653,1.3742,1.4946,2.2002,1.8474,0.7056,1.2038,1.5082,1.3560,0.3044,0.5819,1.1583,0.8701,0.5764,1.1407,2.0130,1.5769,0.8723,0.0116,1.3348,0.6732,1.3232,0.2894,0.4747,0.3820,0.1853,1.1151,2.3193,1.7172,1.2042,-0.5358,2.1251,0.7947,2.6609
P59,0.4733,0.8545,0.6639,0.3812,0.9571,1.3690,1.1630,0.4119,0.9761,1.6043,1.2902,0.6282,0.4500,1.5099,0.9799,1.0599,0.6258,0.9615,0.7936,0.3356,1.1865,1.9644,1.5755,0.7779,0.7334,1.4825,1.1080,0.7491,0.8303,1.4323,1.1313,0.6020,1.8004,2.2657,2.0331,0.4653,0.0841,1.2031,0.6436,1.1191,1.6390,2.0879,1.8635,0.4489,1.0633,1.8811,1.4722,0.8178,1.7953,2.2163,2.0058,0.4210,0.6074,1.5959,1.1016,0.9885,1.5471,2.1776,1.8623,0.6305,1.6218,2.0411,1.8315,0.4193,1.6476,2.3162,1.9819,0.6686,1.7420,2.2105,1.9763,0.4684,1.7529,2.0223,1.8876,0.2695,1.5842,2.0798,1.8320,0.4956,1.0140,2.3882,1.7011,1.3742,1.6224,2.3280,1.9752,0.7056,1.2070,1.5114,1.3592,0.3044,0.6428,1.2192,0.9310,0.5764,1.2428,2.1152,1.6790,0.8723,0.1962,1.5194,0.8578,1.3232,0.2970,0.4824,0.3897,0.1853,1.2911,2.4953,1.8932,1.2042,-0.6639,1.9970,0.6665,2.6609
P60,0.4889,0.8701,0.6795,0.3812,0.9290,1.3409,1.1350,0.4119,0.9747,1.6029,1.2888,0.6282,0.5404,1.6004,1.0704,1.0599,0.6325,0.9681,0.8003,0.3356,1.2197,1.9976,1.6086,0.7779,0.7545,1.5036,1.1291,0.7491,0.8491,1.4511,1.1501,0.6020,1.7822,2.2475,2.0148,0.4653,0.0512,1.1703,0.6108,1.1191,1.6635,2.1125,1.8880,0.4489,1.1489,1.9666,1.5577,0.8178,1.8385,2.2596,2.0491,0.4210,0.6963,1.6848,1.1905,0.9885,1.5885,2.2190,1.9038,0.6305,1.6367,2.0559,1.8463,0.4193,1.6646,2.3332,1.9989,0.6686,1.7936,2.2620,2.0278,0.4684,1.7501,2.0195,1.8848,0.2695,1.5940,2.0896,1.8418,0.4956,1.0703,2.4445,1.7574,1.3742,1.5749,2.2806,1.9278,0.7056,1.2061,1.5105,1.3583,0.3044,0.7158,1.2922,1.0040,0.5764,1.2835,2.1558,1.7197,0.8723,0.4344,1.7575,1.0959,1.3232,0.2931,0.4784,0.3858,0.1853,1.1670,2.3712,1.7691,1.2042,-0.6416,2.0193,0.6888,2.6609
P61,0.5043,0.8855,0.6949,0.3812,0.9541,1.3660,1.1600,0.4119,1.0256,1.6538,1.3397,0.6282,0.5545,1.6145,1.0845,1.0599,0.6712,1.0068,0.8390,0.3356,1.2262,2.0041,1.6151,0.7779,0.8199,1.5690,1.1944,0.7491,0.9132,1.5152,1.2142,0.6020,1.8282,2.2935,2.0609,0.4653,0.0988,1.2179,0.6584,1.1191,1.6578,2.1067,1.8823,0.4489,1.2329,2.0507,1.6418,0.8178,1.8209,2.2419,2.0314,0.4210,0.6874,1.6759,1.1817,0.9885,1.6069,2.2374,1.9221,0.6305,1.6619,2.0812,1.8715,0.4193,1.6342,2.3028,1.9685,0.6686,1.7926,2.2610,2.0268,0.4684,1.7690,2.0385,1.9038,0.2695,1.6189,2.1145,1.8667,0.4956,1.0341,2.4083,1.7212,1.3742,1.5601,2.2657,1.9129,0.7056,1.2058,1.5102,1.3580,0.3044,0.7004,1.2767,0.9885,0.5764,1.2852,2.1575,1.7214,0.8723,0.0229,1.3460,0.6845,1.3232,0.2859,0.4712,0.3785,0.1853,1.2013,2.4055,1.8034,1.2042,-0.8262,1.8347,0.5042,2.6609
P62,0.5257,0.9069,0.7163,0.3812,0.9985,1.4104,1.2044,0.4119,1.0283,1.6565,1.3424,0.6282,0.6070,1.6669,1.1370,1.0599,0.6727,1.0083,0.8405,0.3356,1.2246,2.0025,1.6135,0.7779,0.7977,1.5468,1.1723,0.7491,0.9017,1.5037,1.2027,0.6020,1.7915,2.2568,2.0242,0.4653,0.1115,1.2306,0.6711,1.1191,1.6767,2.1257,1.9012,0.4489,1.1728,1.9906,1.5817,0.8178,1.8537,2.2747,2.0642,0.4210,0.6863,1.6749,1.1806,0.9885,1.5961,2.2266,1.9113,0.6305,1.6697,2.0889,1.8793,0.4193,1.6731,2.3417,2.0074,0.6686,1.7301,2.1985,1.9643,0.4684,1.7771,2.0466,1.9118,0.2695,1.6367,2.1323,1.8845,0.4956,1.0236,2.3978,1.7107,1.3742,1.5802,2.2858,1.9330,0.7056,1.2140,1.5184,1.3662,0.3044,0.6474,1.2238,0.9356,0.5764,1.2260,2.0984,1.6622,0.8723,-0.0005,1.3227,0.6611,1.3232,0.3041,0.4894,0.3968,0.1853,1.3932,2.5974,1.9953,1.2042,-0.8684,1.7925,0.4621,2.6609
P63,0.5089,0.8901,0.6995,0.3812,0.9606,1.3725,1.1666,0.4119,1.0109,1.6390,1.3249,0.6282,0.4489,1.5088,0.9788,1.0599,0.6477,0.9834,0.8156,0.3356,1.2147,1.9926,1.6036,0.7779,0.7567,1.5058,1.1313,0.7491,0.8605,1.4625,1.1615,0.6020,1.7943,2.2596,2.0269,0.4653,0.0880,1.2071,0.6476,1.1191,1.6560,2.1049,1.8804,0.4489,1.1491,1.9669,1.5580,0.8178,1.8298,2.2508,2.0403,0.4210,0.6473,1.6358,1.1416,0.9885,1.5779,2.2084,1.8931,0.6305,1.6382,2.0575,1.8479,0.4193,1.6569,2.3255,1.9912,0.6686,1.7710,2.2395,2.0053,0.4684,1.7602,2.0297,1.8950,0.2695,1.5620,2.0576,1.8098,0.4956,1.1136,2.4878,1.8007,1.3742,1.5780,2.2836,1.9308,0.7056,1.1974,1.5018,1.3496,0.3044,0.6564,1.2328,0.9446,0.5764,1.2748,2.1472,1.7110,0.8723,-0.0144,1.3087,0.6471,1.3232,0.2961,0.4814,0.3888,0.1853,1.2854,2.4896,1.8875,1.2042,-0.6537,2.0072,0.6768,2.6609
