RowID,Year,Province,Criterion,TOPSIS_Score,VIKOR_Score,PROMETHEE_Score,COPRAS_Score,EDAS_Score,SAW_Score,ER_Stage1_Utility,Final_ER_Score,ER_Rank
0,2018,P14,C01,0.8693,0.8730,0.8617,0.8336,0.8239,0.8254,0.7081,0.6195,1
1,2018,P14,C03,0.6234,0.6632,0.6629,0.6110,0.6207,0.6144,0.5816,0.6195,1
2,2018,P14,C05,1.0000,1.0000,1.0000,1.0000,1.0000,1.0000,0.8326,0.6195,1
3,2018,P14,C06,0.8306,0.9016,0.8950,0.8768,0.8809,0.8844,0.7298,0.6195,1
4,2018,P14,C07,0.6219,0.7049,0.9994,0.6507,0.7596,0.8194,0.6528,0.6195,1
5,2018,P14,C08,0.6920,0.6836,0.8654,0.7040,0.7479,0.7175,0.6485,0.6195,1
6,2018,P13,C01,0.7005,0.7049,0.6670,0.6759,0.6579,0.6605,0.6164,0.6011,2
7,2018,P13,C02,0.8914,0.9008,0.9048,0.9119,0.9148,0.9056,0.7515,0.6011,2
8,2018,P13,C03,0.5782,0.6331,0.6966,0.6078,0.6162,0.6730,0.5827,0.6011,2
9,2018,P13,C04,0.6505,0.7045,0.7612,0.7018,0.7267,0.7157,0.6392,0.6011,2
10,2018,P13,C05,0.7045,0.7236,0.6915,0.7197,0.7177,0.7248,0.6426,0.6011,2
11,2018,P13,C06,0.5363,0.6212,0.5947,0.5957,0.6024,0.6219,0.5539,0.6011,2
12,2018,P13,C07,0.4420,0.4660,0.7469,0.4399,0.6145,0.5618,0.5246,0.6011,2
13,2018,P13,C08,0.7676,0.6975,0.8225,0.7733,0.8069,0.7474,0.6680,0.6011,2
14,2018,P27,C01,0.9532,0.9980,0.9374,0.8946,0.8885,0.8804,0.7685,0.5986,3
15,2018,P27,C02,0.7631,0.8139,0.8532,0.7790,0.7864,0.8066,0.6819,0.5986,3
16,2018,P27,C03,0.8748,0.9113,0.9915,0.8822,0.8855,0.9365,0.7584,0.5986,3
17,2018,P27,C04,0.3343,0.4418,0.3832,0.4315,0.4742,0.4521,0.4566,0.5986,3
18,2018,P27,C05,0.6632,0.7018,0.6463,0.6453,0.6432,0.6285,0.5987,0.5986,3
19,2018,P27,C06,0.5372,0.6645,0.4933,0.5529,0.5631,0.5542,0.5309,0.5986,3
20,2018,P27,C07,0.2466,0.2850,0.4112,0.2408,0.4304,0.3311,0.3865,0.5986,3
21,2018,P27,C08,0.7294,0.7245,0.8798,0.7349,0.7742,0.7418,0.6651,0.5986,3
22,2018,P29,C01,0.7003,0.7102,0.6906,0.6826,0.6641,0.6755,0.6235,0.5913,4
23,2018,P29,C02,0.7200,0.7500,0.8488,0.7604,0.7685,0.8065,0.6711,0.5913,4
24,2018,P29,C03,0.9906,0.9709,0.9710,0.9713,0.9718,0.9532,0.8089,0.5913,4
25,2018,P29,C04,0.4746,0.5399,0.5806,0.5587,0.5956,0.5807,0.5282,0.5913,4
26,2018,P29,C05,0.7563,0.7247,0.7250,0.7637,0.7620,0.7553,0.6625,0.5913,4
27,2018,P29,C06,0.4638,0.5149,0.4614,0.5227,0.5244,0.5458,0.5025,0.5913,4
28,2018,P29,C07,0.3657,0.4372,0.5425,0.3569,0.5357,0.4014,0.4672,0.5913,4
29,2018,P29,C08,0.5151,0.4791,0.5822,0.5069,0.5693,0.4935,0.5111,0.5913,4
30,2018,P53,C01,0.5065,0.5734,0.4444,0.4852,0.4617,0.4600,0.4945,0.5837,5
31,2018,P53,C02,0.4344,0.4028,0.5522,0.5312,0.5396,0.6113,0.5063,0.5837,5
32,2018,P53,C03,0.5895,0.6230,0.7861,0.6838,0.6926,0.8044,0.6232,0.5837,5
33,2018,P53,C04,1.0000,1.0000,1.0000,1.0000,1.0000,1.0000,0.8326,0.5837,5
34,2018,P53,C05,0.8392,0.8520,0.8669,0.8312,0.8300,0.8166,0.7027,0.5837,5
35,2018,P53,C06,0.6438,0.7474,0.5882,0.6416,0.6490,0.6332,0.5953,0.5837,5
36,2018,P53,C07,0.5625,0.6090,0.7966,0.5458,0.6803,0.6013,0.5777,0.5837,5
37,2018,P53,C08,0.2992,0.2192,0.3378,0.2860,0.3403,0.3301,0.3712,0.5837,5
38,2018,P15,C01,0.8010,0.7914,0.8221,0.8057,0.7944,0.8135,0.6841,0.5817,6
39,2018,P15,C02,0.8194,0.8259,0.8860,0.8316,0.8373,0.8445,0.7035,0.5817,6
40,2018,P15,C03,0.4571,0.4942,0.4949,0.4710,0.4831,0.4871,0.4919,0.5817,6
41,2018,P15,C04,0.4108,0.5063,0.4380,0.4965,0.5326,0.5089,0.4920,0.5817,6
42,2018,P15,C05,0.7941,0.8134,0.8064,0.7881,0.7866,0.7751,0.6794,0.5817,6
43,2018,P15,C06,0.7999,0.8873,0.8044,0.8358,0.8405,0.8247,0.6981,0.5817,6
44,2018,P15,C07,0.3434,0.4087,0.6223,0.3511,0.5534,0.4755,0.4766,0.5817,6
45,2018,P15,C08,0.6195,0.6020,0.8276,0.6522,0.7037,0.6852,0.6128,0.5817,6
46,2018,P12,C01,0.7366,0.6428,0.7576,0.8024,0.7983,0.8161,0.6614,0.5769,7
47,2018,P12,C02,1.0000,1.0000,1.0000,1.0000,1.0000,1.0000,0.8326,0.5769,7
48,2018,P12,C03,1.0000,1.0000,1.0000,1.0000,1.0000,1.0000,0.8326,0.5769,7
49,2018,P12,C04,0.1334,0.2352,0.1563,0.2594,0.2877,0.2950,0.3331,0.5769,7
50,2018,P12,C05,0.6647,0.6916,0.6680,0.6586,0.6563,0.6579,0.6076,0.5769,7
51,2018,P12,C06,0.4355,0.5835,0.3894,0.4629,0.4723,0.4638,0.4836,0.5769,7
52,2018,P12,C07,0.0251,0.0684,0.0221,0.0155,0.0283,0.0564,0.1975,0.5769,7
53,2018,P12,C08,0.7341,0.7276,0.8930,0.7437,0.7817,0.7543,0.6689,0.5769,7
54,2018,P28,C01,0.8938,0.8723,0.8723,0.9013,0.8955,0.8901,0.7373,0.5690,8
55,2018,P28,C02,0.7994,0.8098,0.8641,0.8173,0.8235,0.8180,0.6926,0.5690,8
56,2018,P28,C03,0.9498,0.9122,0.8485,0.9411,0.9412,0.8481,0.7526,0.5690,8
57,2018,P28,C04,0.3160,0.1938,0.4041,0.4613,0.4762,0.4969,0.4408,0.5690,8
58,2018,P28,C05,0.6518,0.6230,0.6512,0.6650,0.6631,0.6789,0.5993,0.5690,8
59,2018,P28,C06,0.3179,0.4153,0.3275,0.3702,0.3766,0.3998,0.4188,0.5690,8
60,2018,P28,C07,0.2408,0.3140,0.3561,0.2408,0.4222,0.2888,0.3765,0.5690,8
61,2018,P28,C08,0.5529,0.5451,0.6963,0.5590,0.6244,0.5682,0.5505,0.5690,8
62,2018,P25,C01,0.6204,0.6600,0.6101,0.6029,0.5798,0.5972,0.5658,0.5668,9
63,2018,P25,C02,0.4700,0.4530,0.6093,0.5733,0.5821,0.6621,0.5316,0.5668,9
64,2018,P25,C03,0.6280,0.6631,0.6787,0.6319,0.6384,0.6369,0.5921,0.5668,9
65,2018,P25,C04,0.5747,0.6389,0.6532,0.6370,0.6674,0.6553,0.5855,0.5668,9
66,2018,P25,C05,0.7400,0.7810,0.7070,0.7174,0.7154,0.6907,0.6482,0.5668,9
67,2018,P25,C06,0.7419,0.8365,0.7789,0.7739,0.7803,0.7830,0.6746,0.5668,9
68,2018,P25,C07,0.2770,0.3233,0.4917,0.2769,0.4831,0.3877,0.4237,0.5668,9
69,2018,P25,C08,0.4690,0.4542,0.5891,0.4784,0.5558,0.4944,0.5031,0.5668,9
70,2018,P30,C01,0.6958,0.6794,0.7141,0.6973,0.6814,0.7037,0.6295,0.5585,10
71,2018,P30,C02,0.6573,0.6905,0.7439,0.6749,0.6859,0.6913,0.6260,0.5585,10
72,2018,P30,C03,0.8966,0.9369,0.9918,0.8868,0.8899,0.9321,0.7660,0.5585,10
73,2018,P30,C04,0.7348,0.7721,0.8784,0.8235,0.8382,0.8540,0.6892,0.5585,10
74,2018,P30,C05,0.3383,0.2074,0.3003,0.3291,0.3278,0.3177,0.3731,0.5585,10
75,2018,P30,C06,0.4175,0.6029,0.3674,0.4421,0.4522,0.4421,0.4749,0.5585,10
76,2018,P30,C07,0.3397,0.3042,0.5366,0.3044,0.4391,0.4192,0.4344,0.5585,10
77,2018,P30,C08,0.3050,0.2416,0.3468,0.2998,0.3598,0.3382,0.3791,0.5585,10
78,2018,P56,C01,0.6239,0.6133,0.5871,0.5846,0.5666,0.5552,0.5490,0.5532,11
79,2018,P56,C03,0.3820,0.3764,0.5717,0.4835,0.4894,0.6687,0.4972,0.5532,11
80,2018,P56,C05,0.6574,0.6505,0.6308,0.6505,0.6482,0.6425,0.5925,0.5532,11
81,2018,P56,C06,0.6536,0.7234,0.7423,0.7379,0.7427,0.7758,0.6512,0.5532,11
82,2018,P56,C07,1.0000,1.0000,1.0000,1.0000,1.0000,1.0000,0.8326,0.5532,11
83,2018,P56,C08,0.3606,0.3585,0.3973,0.3620,0.4383,0.3644,0.4282,0.5532,11
84,2018,P26,C01,0.6824,0.6728,0.6762,0.6681,0.6496,0.6651,0.6097,0.5511,12
85,2018,P26,C02,0.6688,0.6921,0.8080,0.7319,0.7409,0.7842,0.6522,0.5511,12
86,2018,P26,C03,0.8231,0.8149,0.8132,0.7905,0.7935,0.7583,0.6814,0.5511,12
87,2018,P26,C04,0.2715,0.3562,0.3114,0.3612,0.3921,0.3732,0.4006,0.5511,12
88,2018,P26,C05,0.6450,0.6692,0.6138,0.6279,0.6259,0.6021,0.5801,0.5511,12
89,2018,P26,C06,0.5748,0.7428,0.5142,0.5765,0.5873,0.5649,0.5520,0.5511,12
90,2018,P26,C07,0.2713,0.3466,0.4839,0.2782,0.4696,0.3932,0.4240,0.5511,12
91,2018,P26,C08,0.4030,0.3343,0.5229,0.4126,0.4692,0.4642,0.4656,0.5511,12
92,2018,P38,C01,0.5855,0.5643,0.5732,0.5619,0.5447,0.5473,0.5322,0.5487,13
93,2018,P38,C02,0.4188,0.4489,0.5304,0.4937,0.5072,0.5776,0.4982,0.5487,13
94,2018,P38,C03,0.4372,0.4560,0.6240,0.5274,0.5361,0.6628,0.5213,0.5487,13
95,2018,P38,C04,0.5723,0.6482,0.6491,0.6457,0.6753,0.6685,0.5897,0.5487,13
96,2018,P38,C05,0.6680,0.7202,0.6576,0.6453,0.6428,0.6235,0.6024,0.5487,13
97,2018,P38,C06,0.9920,1.0000,1.0000,0.9925,0.9939,1.0000,0.8297,0.5487,13
98,2018,P38,C07,0.3415,0.3804,0.6174,0.3419,0.5467,0.4692,0.4708,0.5487,13
99,2018,P38,C08,0.2052,0.1549,0.1855,0.1944,0.2354,0.2204,0.3179,0.5487,13
100,2018,P18,C01,0.7490,0.8020,0.7251,0.7060,0.6889,0.6884,0.6475,0.5452,14
101,2018,P18,C02,0.6292,0.6744,0.7228,0.6535,0.6652,0.6700,0.6098,0.5452,14
102,2018,P18,C03,0.6815,0.7234,0.6910,0.6509,0.6588,0.6333,0.6128,0.5452,14
103,2018,P18,C04,0.3514,0.4461,0.4122,0.4662,0.5036,0.5030,0.4740,0.5452,14
104,2018,P18,C05,0.4463,0.4183,0.4076,0.4556,0.4535,0.4488,0.4685,0.5452,14
105,2018,P18,C06,0.7263,0.8342,0.6748,0.7163,0.7236,0.7040,0.6473,0.5452,14
106,2018,P18,C07,0.2418,0.2014,0.4431,0.1980,0.3074,0.3705,0.3710,0.5452,14
107,2018,P18,C08,0.4135,0.3306,0.5406,0.4236,0.4727,0.4848,0.4712,0.5452,14
108,2018,P59,C01,0.3973,0.4848,0.3217,0.3699,0.3526,0.3377,0.4263,0.5378,15
109,2018,P59,C02,0.5494,0.5862,0.6847,0.6179,0.6307,0.6986,0.5778,0.5378,15
110,2018,P59,C03,0.2996,0.2925,0.3763,0.3100,0.3121,0.4198,0.3936,0.5378,15
111,2018,P59,C04,0.5757,0.6547,0.6711,0.6445,0.6742,0.6671,0.5933,0.5378,15
112,2018,P59,C05,0.7269,0.7658,0.6926,0.7048,0.7027,0.6787,0.6401,0.5378,15
113,2018,P59,C06,0.8099,0.8992,0.8542,0.8434,0.8482,0.8483,0.7098,0.5378,15
114,2018,P59,C07,0.7145,0.7529,0.9234,0.6896,0.7864,0.7484,0.6650,0.5378,15
115,2018,P59,C08,0.3106,0.2811,0.3454,0.3152,0.3817,0.3377,0.3885,0.5378,15
116,2018,P22,C01,1.0000,1.0000,1.0000,1.0000,1.0000,1.0000,0.8326,0.5281,16
117,2018,P22,C02,0.7578,0.7815,0.8561,0.8006,0.8073,0.8517,0.6858,0.5281,16
118,2018,P22,C03,0.5500,0.5922,0.5316,0.5173,0.5263,0.4793,0.5154,0.5281,16
119,2018,P22,C04,0.2885,0.3802,0.3506,0.3909,0.4250,0.4160,0.4245,0.5281,16
120,2018,P22,C05,0.4557,0.4835,0.3865,0.4451,0.4430,0.4177,0.4688,0.5281,16
121,2018,P22,C06,0.5683,0.7071,0.5502,0.5885,0.5982,0.5951,0.5579,0.5281,16
122,2018,P22,C07,0.1612,0.1858,0.2845,0.1417,0.2415,0.2732,0.3264,0.5281,16
123,2018,P22,C08,0.4101,0.3965,0.4904,0.4172,0.5029,0.4309,0.4705,0.5281,16
124,2018,P10,C01,0.6783,0.6845,0.6545,0.6550,0.6349,0.6438,0.6016,0.5226,17
125,2018,P10,C02,0.5775,0.6027,0.5891,0.5588,0.5683,0.5327,0.5377,0.5226,17
126,2018,P10,C03,0.4584,0.4951,0.6024,0.5181,0.5303,0.6113,0.5174,0.5226,17
127,2018,P10,C04,0.1747,0.3054,0.1824,0.3099,0.3430,0.3413,0.3606,0.5226,17
128,2018,P10,C05,0.8002,0.7563,0.8041,0.8039,0.8031,0.7766,0.6781,0.5226,17
129,2018,P10,C06,0.5331,0.6478,0.5444,0.5670,0.5764,0.5818,0.5399,0.5226,17
130,2018,P10,C07,0.2347,0.2840,0.4354,0.2339,0.3983,0.3661,0.3889,0.5226,17
131,2018,P10,C08,0.6361,0.6358,0.7722,0.6364,0.6903,0.6368,0.6069,0.5226,17
132,2018,P32,C01,0.4058,0.2380,0.4071,0.4320,0.4206,0.4495,0.4383,0.5224,18
133,2018,P32,C02,0.8292,0.8323,0.8489,0.8483,0.8534,0.8006,0.7003,0.5224,18
134,2018,P32,C03,0.1330,0.1131,0.1877,0.1662,0.1703,0.2639,0.3048,0.5224,18
135,2018,P32,C04,0.4010,0.4933,0.4563,0.4727,0.5041,0.4651,0.4840,0.5224,18
136,2018,P32,C05,0.5017,0.5376,0.4885,0.5210,0.5188,0.5359,0.5076,0.5224,18
137,2018,P32,C06,1.0000,0.9489,0.8830,1.0000,1.0000,0.9592,0.8031,0.5224,18
138,2018,P32,C07,0.1510,0.1376,0.2254,0.1134,0.2073,0.2208,0.3068,0.5224,18
139,2018,P32,C08,1.0000,1.0000,1.0000,1.0000,1.0000,1.0000,0.8326,0.5224,18
140,2018,P05,C01,0.8444,0.8701,0.8114,0.7953,0.7833,0.7748,0.6878,0.5192,19
141,2018,P05,C02,0.6051,0.6478,0.6430,0.6025,0.6158,0.5811,0.5689,0.5192,19
142,2018,P05,C03,0.6176,0.6562,0.7098,0.6285,0.6389,0.6645,0.5970,0.5192,19
143,2018,P05,C04,0.1879,0.3127,0.1983,0.3042,0.3369,0.3267,0.3599,0.5192,19
144,2018,P05,C05,0.4075,0.2509,0.4196,0.4207,0.4192,0.4299,0.4368,0.5192,19
145,2018,P05,C06,0.5813,0.7095,0.5728,0.6009,0.6113,0.6056,0.5670,0.5192,19
146,2018,P05,C07,0.2125,0.2373,0.3585,0.2007,0.3670,0.3017,0.3601,0.5192,19
147,2018,P05,C08,0.4878,0.4571,0.6483,0.5078,0.5808,0.5413,0.5182,0.5192,19
148,2018,P17,C01,0.8781,0.8780,0.8706,0.8589,0.8507,0.8218,0.7162,0.5160,20
149,2018,P17,C02,0.3073,0.3345,0.3627,0.3663,0.3783,0.4146,0.4132,0.5160,20
150,2018,P17,C03,0.5253,0.5662,0.6319,0.5556,0.5681,0.6097,0.5406,0.5160,20
151,2018,P17,C04,0.6568,0.7159,0.7449,0.7138,0.7378,0.7345,0.6451,0.5160,20
152,2018,P17,C05,0.5557,0.4369,0.5338,0.5741,0.5727,0.5709,0.5208,0.5160,20
153,2018,P17,C06,0.3334,0.5187,0.2737,0.3662,0.3753,0.3666,0.4215,0.5160,20
154,2018,P17,C07,0.1670,0.1693,0.2273,0.1354,0.2475,0.1874,0.3134,0.5160,20
155,2018,P17,C08,0.5321,0.5182,0.6860,0.5433,0.6110,0.5598,0.5396,0.5160,20
156,2018,P24,C01,0.6283,0.6722,0.5737,0.5849,0.5664,0.5499,0.5541,0.5092,21
157,2018,P24,C02,0.5207,0.5226,0.6650,0.6259,0.6354,0.7155,0.5671,0.5092,21
158,2018,P24,C03,0.3148,0.3139,0.3695,0.3629,0.3698,0.4306,0.4130,0.5092,21
159,2018,P24,C04,0.3890,0.4880,0.4466,0.4649,0.5001,0.4675,0.4809,0.5092,21
160,2018,P24,C05,0.6645,0.7285,0.6380,0.6376,0.6352,0.6063,0.5963,0.5092,21
161,2018,P24,C06,0.7718,0.8084,0.7958,0.7962,0.8021,0.8073,0.6806,0.5092,21
162,2018,P24,C07,0.2243,0.2622,0.4119,0.2194,0.3813,0.3471,0.3775,0.5092,21
163,2018,P24,C08,0.3577,0.3477,0.4040,0.3626,0.4390,0.3724,0.4285,0.5092,21
164,2018,P63,C01,0.5841,0.5914,0.5521,0.5473,0.5280,0.5205,0.5267,0.5091,22
165,2018,P63,C02,0.4828,0.5268,0.4590,0.4459,0.4556,0.3986,0.4814,0.5091,22
166,2018,P63,C03,0.5652,0.6063,0.6523,0.5714,0.5774,0.6068,0.5547,0.5091,22
167,2018,P63,C04,0.4987,0.5840,0.5702,0.5648,0.6003,0.5707,0.5334,0.5091,22
168,2018,P63,C05,0.6846,0.7502,0.6546,0.6588,0.6564,0.6350,0.6129,0.5091,22
169,2018,P63,C06,0.2258,0.3737,0.2248,0.2702,0.2750,0.2978,0.3554,0.5091,22
170,2018,P63,C07,0.3930,0.4367,0.7262,0.3999,0.5870,0.5477,0.5081,0.5091,22
171,2018,P63,C08,0.5269,0.5189,0.6172,0.5233,0.5919,0.5174,0.5239,0.5091,22
172,2018,P43,C01,0.6685,0.6065,0.6517,0.6721,0.6577,0.6690,0.5983,0.5060,23
173,2018,P43,C02,0.6897,0.7062,0.7394,0.6933,0.7035,0.6773,0.6340,0.5060,23
174,2018,P43,C03,0.8176,0.8216,0.7833,0.7653,0.7718,0.7229,0.6731,0.5060,23
175,2018,P43,C04,0.4019,0.5009,0.4686,0.5011,0.5407,0.5305,0.4958,0.5060,23
176,2018,P43,C05,0.3963,0.3467,0.3890,0.4031,0.4012,0.4184,0.4373,0.5060,23
177,2018,P43,C06,0.0782,0.2570,0.0784,0.0822,0.0810,0.0979,0.2636,0.5060,23
178,2018,P43,C07,0.2176,0.2039,0.3581,0.1858,0.3207,0.3004,0.3523,0.5060,23
179,2018,P43,C08,0.5362,0.5355,0.6495,0.5368,0.6054,0.5376,0.5345,0.5060,23
180,2018,P49,C01,0.4319,0.2515,0.4630,0.4664,0.4544,0.4920,0.4618,0.5050,24
181,2018,P49,C02,0.6168,0.6597,0.7646,0.6800,0.6908,0.7469,0.6266,0.5050,24
182,2018,P49,C03,0.6355,0.6748,0.7784,0.6684,0.6777,0.7349,0.6268,0.5050,24
183,2018,P49,C04,0.1936,0.2178,0.1771,0.3120,0.3356,0.3229,0.3503,0.5050,24
184,2018,P49,C05,0.4907,0.4984,0.4329,0.4883,0.4858,0.4710,0.4903,0.5050,24
185,2018,P49,C06,0.6940,0.7673,0.5549,0.7202,0.7241,0.6682,0.6225,0.5050,24
186,2018,P49,C07,0.1668,0.1647,0.2890,0.1344,0.2290,0.2749,0.3246,0.5050,24
187,2018,P49,C08,0.3446,0.2808,0.4182,0.3449,0.4047,0.3871,0.4155,0.5050,24
188,2018,P11,C01,0.7970,0.7322,0.8216,0.8399,0.8341,0.8500,0.6872,0.5020,25
189,2018,P11,C02,0.6427,0.6683,0.6679,0.6370,0.6463,0.5996,0.5901,0.5020,25
190,2018,P11,C03,0.4592,0.5066,0.4164,0.4265,0.4351,0.3849,0.4683,0.5020,25
191,2018,P11,C04,0.1359,0.1810,0.1818,0.2162,0.2374,0.2398,0.3179,0.5020,25
192,2018,P11,C05,0.4598,0.4980,0.4100,0.4435,0.4413,0.4199,0.4729,0.5020,25
193,2018,P11,C06,0.6895,0.7972,0.6282,0.6833,0.6902,0.6708,0.6240,0.5020,25
194,2018,P11,C07,0.0910,0.1144,0.1197,0.0950,0.1738,0.1341,0.2699,0.5020,25
195,2018,P11,C08,0.5777,0.5572,0.7745,0.6031,0.6619,0.6333,0.5810,0.5020,25
196,2018,P45,C01,0.7951,0.7008,0.7754,0.7899,0.7866,0.7418,0.6667,0.4984,26
197,2018,P45,C02,0.5836,0.5993,0.6155,0.5920,0.6039,0.5603,0.5519,0.4984,26
198,2018,P45,C03,0.6442,0.6809,0.8049,0.6913,0.7000,0.7696,0.6379,0.4984,26
199,2018,P45,C04,0.2357,0.3590,0.2317,0.3479,0.3843,0.3625,0.3849,0.4984,26
200,2018,P45,C05,0.5548,0.5944,0.5308,0.5394,0.5375,0.5113,0.5214,0.4984,26
201,2018,P45,C06,0.2583,0.4338,0.1857,0.2754,0.2805,0.2578,0.3595,0.4984,26
202,2018,P45,C07,0.1188,0.1579,0.1804,0.1101,0.2012,0.1914,0.2972,0.4984,26
203,2018,P45,C08,0.4428,0.3945,0.5863,0.4610,0.5274,0.5049,0.4932,0.4984,26
204,2018,P08,C01,0.4962,0.4460,0.4846,0.4710,0.4554,0.4582,0.4856,0.4951,27
205,2018,P08,C02,0.6798,0.6146,0.6081,0.6305,0.6353,0.4991,0.5652,0.4951,27
206,2018,P08,C03,0.3811,0.4277,0.4362,0.3989,0.4092,0.4355,0.4531,0.4951,27
207,2018,P08,C04,0.4022,0.4799,0.4631,0.5107,0.5469,0.5458,0.4960,0.4951,27
208,2018,P08,C05,0.5682,0.5813,0.5617,0.5778,0.5754,0.5841,0.5399,0.4951,27
209,2018,P08,C06,0.4133,0.5712,0.3417,0.4351,0.4429,0.4236,0.4658,0.4951,27
210,2018,P08,C07,0.3042,0.3673,0.5357,0.3091,0.5245,0.4160,0.4474,0.4951,27
211,2018,P08,C08,0.6077,0.5507,0.6753,0.5992,0.6563,0.5802,0.5655,0.4951,27
212,2018,P16,C01,0.6294,0.6623,0.6058,0.6063,0.5834,0.5953,0.5673,0.4899,28
213,2018,P16,C02,0.4433,0.4662,0.5421,0.5124,0.5245,0.5734,0.5049,0.4899,28
214,2018,P16,C03,0.4423,0.4856,0.5179,0.4715,0.4844,0.5180,0.4941,0.4899,28
215,2018,P16,C04,0.6299,0.7013,0.7270,0.6899,0.7158,0.7104,0.6297,0.4899,28
216,2018,P16,C05,0.6129,0.6938,0.5768,0.5919,0.5891,0.5688,0.5611,0.4899,28
217,2018,P16,C06,0.2599,0.4197,0.2084,0.3036,0.3114,0.3128,0.3726,0.4899,28
218,2018,P16,C07,0.2835,0.2925,0.5028,0.2690,0.4371,0.3944,0.4158,0.4899,28
219,2018,P16,C08,0.2646,0.2188,0.2775,0.2615,0.3166,0.2897,0.3496,0.4899,28
220,2018,P04,C01,0.5197,0.4905,0.4899,0.5221,0.5013,0.5192,0.5030,0.4890,29
221,2018,P04,C02,0.4537,0.4917,0.5576,0.5133,0.5280,0.5709,0.5089,0.4890,29
222,2018,P04,C03,0.5519,0.5889,0.6255,0.5669,0.5782,0.5973,0.5465,0.4890,29
223,2018,P04,C04,0.2293,0.3000,0.3016,0.3568,0.3889,0.4040,0.3915,0.4890,29
224,2018,P04,C05,0.4874,0.4457,0.4733,0.4772,0.4754,0.4653,0.4867,0.4890,29
225,2018,P04,C06,0.3923,0.5622,0.3493,0.4228,0.4335,0.4272,0.4617,0.4890,29
226,2018,P04,C07,0.3495,0.4271,0.6225,0.3584,0.5585,0.4770,0.4805,0.4890,29
227,2018,P04,C08,0.4420,0.4442,0.5090,0.4404,0.5123,0.4379,0.4830,0.4890,29
228,2018,P06,C01,0.6090,0.6305,0.5684,0.5690,0.5482,0.5411,0.5417,0.4867,30
229,2018,P06,C02,0.5716,0.5992,0.6437,0.6013,0.6137,0.6023,0.5611,0.4867,30
230,2018,P06,C03,0.4080,0.4181,0.5102,0.4714,0.4800,0.5577,0.4875,0.4867,30
231,2018,P06,C04,0.2317,0.3017,0.2859,0.3595,0.3896,0.4036,0.3902,0.4867,30
232,2018,P06,C05,0.4203,0.3691,0.3849,0.4289,0.4273,0.4266,0.4495,0.4867,30
233,2018,P06,C06,0.6023,0.7498,0.5964,0.6239,0.6335,0.6244,0.5859,0.4867,30
234,2018,P06,C07,0.1935,0.2037,0.3276,0.1902,0.3281,0.2948,0.3480,0.4867,30
235,2018,P06,C08,0.4266,0.3749,0.5594,0.4421,0.5068,0.4864,0.4832,0.4867,30
236,2018,P55,C01,0.0871,0.0847,0.0669,0.0649,0.0615,0.0296,0.2235,0.4859,31
237,2018,P55,C02,0.3254,0.3856,0.3220,0.3381,0.3503,0.3292,0.3986,0.4859,31
238,2018,P55,C03,0.2351,0.2640,0.2823,0.2777,0.2853,0.3428,0.3550,0.4859,31
239,2018,P55,C04,0.6408,0.7069,0.7174,0.6860,0.7122,0.6977,0.6281,0.4859,31
240,2018,P55,C05,0.6288,0.6455,0.5896,0.6185,0.6166,0.5928,0.5685,0.4859,31
241,2018,P55,C06,0.7230,0.7546,0.7152,0.7625,0.7657,0.7433,0.6604,0.4859,31
242,2018,P55,C07,0.7013,0.6561,0.8511,0.6823,0.7813,0.7205,0.6456,0.4859,31
243,2018,P55,C08,0.3075,0.2750,0.3421,0.3115,0.3771,0.3355,0.3856,0.4859,31
244,2018,P09,C01,0.4966,0.5538,0.4834,0.4893,0.4710,0.4879,0.4986,0.4846,32
245,2018,P09,C02,0.4318,0.4819,0.4396,0.4414,0.4560,0.4170,0.4724,0.4846,32
246,2018,P09,C03,0.6160,0.6554,0.6751,0.6126,0.6230,0.6287,0.5836,0.4846,32
247,2018,P09,C04,0.3940,0.5103,0.4217,0.4724,0.5108,0.4769,0.4832,0.4846,32
248,2018,P09,C05,0.5754,0.5817,0.5679,0.5696,0.5672,0.5610,0.5371,0.4846,32
249,2018,P09,C06,0.3070,0.3308,0.3739,0.3675,0.3721,0.4102,0.4130,0.4846,32
250,2018,P09,C07,0.2333,0.2570,0.4278,0.2230,0.3892,0.3552,0.3814,0.4846,32
251,2018,P09,C08,0.3415,0.3400,0.3678,0.3425,0.4147,0.3442,0.4115,0.4846,32
252,2018,P23,C01,0.6436,0.5544,0.6496,0.6681,0.6567,0.6766,0.5883,0.4782,33
253,2018,P23,C02,0.5482,0.6037,0.6118,0.5634,0.5773,0.5700,0.5427,0.4782,33
254,2018,P23,C03,0.3598,0.4063,0.4043,0.3746,0.3847,0.4050,0.4348,0.4782,33
255,2018,P23,C04,0.1075,0.1203,0.1384,0.1635,0.1762,0.1816,0.2892,0.4782,33
256,2018,P23,C05,0.6821,0.7164,0.6825,0.6678,0.6655,0.6606,0.6174,0.4782,33
257,2018,P23,C06,0.6575,0.7092,0.5278,0.7086,0.7127,0.7017,0.6098,0.4782,33
258,2018,P23,C07,0.0972,0.0000,0.0748,0.0510,0.0920,0.0062,0.2130,0.4782,33
259,2018,P23,C08,0.4226,0.4029,0.5212,0.4324,0.5165,0.4517,0.4792,0.4782,33
260,2018,P21,C01,0.7505,0.8009,0.7210,0.6987,0.6812,0.6681,0.6430,0.4756,34
261,2018,P21,C02,0.1823,0.1762,0.2196,0.2370,0.2455,0.2862,0.3290,0.4756,34
262,2018,P21,C03,0.4268,0.4581,0.5337,0.4786,0.4911,0.5495,0.4952,0.4756,34
263,2018,P21,C04,0.3190,0.3670,0.4130,0.4194,0.4498,0.4464,0.4447,0.4756,34
264,2018,P21,C05,0.4834,0.5739,0.4294,0.4757,0.4729,0.4547,0.4911,0.4756,34
265,2018,P21,C06,0.6535,0.7329,0.6017,0.6610,0.6697,0.6580,0.6049,0.4756,34
266,2018,P21,C07,0.0112,0.0613,0.0165,0.0001,0.0002,0.0000,0.1797,0.4756,34
267,2018,P21,C08,0.3756,0.3212,0.4701,0.3827,0.4465,0.4231,0.4453,0.4756,34
268,2018,P57,C01,0.2048,0.1017,0.1395,0.0871,0.0861,0.0395,0.2614,0.4752,35
269,2018,P57,C02,0.2806,0.2995,0.3541,0.3484,0.3590,0.4226,0.4005,0.4752,35
270,2018,P57,C03,0.2437,0.2016,0.3774,0.3061,0.3124,0.4573,0.3840,0.4752,35
271,2018,P57,C04,0.5970,0.6508,0.6595,0.6530,0.6820,0.6672,0.5962,0.4752,35
272,2018,P57,C05,0.3916,0.4367,0.3447,0.3978,0.3956,0.3940,0.4380,0.4752,35
273,2018,P57,C06,0.8249,0.8818,0.7094,0.8507,0.8547,0.8070,0.6918,0.4752,35
274,2018,P57,C07,0.6457,0.7309,0.9049,0.6287,0.7445,0.7015,0.6393,0.4752,35
275,2018,P57,C08,0.2544,0.2495,0.2470,0.2568,0.3109,0.2616,0.3423,0.4752,35
276,2018,P47,C01,0.5410,0.5343,0.4930,0.5333,0.5147,0.5191,0.5100,0.4631,36
277,2018,P47,C02,0.3911,0.3755,0.4321,0.4342,0.4438,0.4192,0.4540,0.4631,36
278,2018,P47,C03,0.5100,0.5352,0.4662,0.4559,0.4630,0.3826,0.4851,0.4631,36
279,2018,P47,C04,0.5536,0.6113,0.5934,0.6062,0.6363,0.5969,0.5569,0.4631,36
280,2018,P47,C05,0.5164,0.6000,0.4789,0.5172,0.5146,0.5097,0.5102,0.4631,36
281,2018,P47,C06,0.1972,0.2733,0.1565,0.1874,0.1892,0.1607,0.3160,0.4631,36
282,2018,P47,C07,0.1785,0.1674,0.2840,0.1450,0.2651,0.2570,0.3270,0.4631,36
283,2018,P47,C08,0.4300,0.4182,0.5196,0.4370,0.5204,0.4493,0.4816,0.4631,36
284,2018,P46,C01,0.3020,0.3157,0.2393,0.2840,0.2692,0.2633,0.3531,0.4616,37
285,2018,P46,C02,0.1067,0.1331,0.1073,0.1501,0.1555,0.1533,0.2795,0.4616,37
286,2018,P46,C03,0.2920,0.2449,0.4188,0.3594,0.3649,0.5056,0.4167,0.4616,37
287,2018,P46,C04,0.7677,0.7883,0.8047,0.8174,0.8326,0.8076,0.6832,0.4616,37
288,2018,P46,C05,0.6859,0.7352,0.6664,0.6600,0.6578,0.6267,0.6120,0.4616,37
289,2018,P46,C06,0.4685,0.6125,0.4732,0.5005,0.5087,0.5054,0.5050,0.4616,37
290,2018,P46,C07,0.3704,0.2783,0.5908,0.3192,0.3938,0.4944,0.4445,0.4616,37
291,2018,P46,C08,0.1827,0.1722,0.1579,0.1848,0.2238,0.1931,0.3115,0.4616,37
292,2018,P61,C01,0.3710,0.2790,0.2894,0.2721,0.2700,0.2115,0.3576,0.4578,38
293,2018,P61,C02,0.3155,0.3576,0.3437,0.3449,0.3565,0.3563,0.4017,0.4578,38
294,2018,P61,C03,0.3162,0.3425,0.4087,0.3697,0.3777,0.4625,0.4279,0.4578,38
295,2018,P61,C04,0.5491,0.6307,0.6052,0.6057,0.6380,0.6103,0.5619,0.4578,38
296,2018,P61,C05,0.5484,0.5891,0.5223,0.5388,0.5366,0.5207,0.5203,0.4578,38
297,2018,P61,C06,0.4138,0.5080,0.4295,0.4625,0.4705,0.4852,0.4819,0.4578,38
298,2018,P61,C07,0.3983,0.4716,0.6866,0.4035,0.5895,0.5093,0.5049,0.4578,38
299,2018,P61,C08,0.2543,0.2189,0.2326,0.2402,0.2909,0.2264,0.3352,0.4578,38
300,2018,P33,C01,0.4938,0.4181,0.5040,0.5191,0.5081,0.5400,0.4989,0.4572,39
301,2018,P33,C02,0.3290,0.3841,0.3614,0.3562,0.3671,0.3828,0.4153,0.4572,39
302,2018,P33,C03,0.5274,0.5429,0.5244,0.4921,0.4999,0.4656,0.5038,0.4572,39
303,2018,P33,C04,0.4014,0.4568,0.4986,0.4942,0.5297,0.5147,0.4922,0.4572,39
304,2018,P33,C05,0.2170,0.2169,0.1460,0.1989,0.1977,0.1650,0.3138,0.4572,39
305,2018,P33,C06,0.4295,0.5217,0.4491,0.4803,0.4879,0.5021,0.4903,0.4572,39
306,2018,P33,C07,0.3244,0.3782,0.5087,0.3185,0.5122,0.3836,0.4454,0.4572,39
307,2018,P33,C08,0.1643,0.1409,0.1346,0.1625,0.1968,0.1768,0.2986,0.4572,39
308,2018,P54,C01,0.1416,0.0911,0.0979,0.0719,0.0681,0.0262,0.2384,0.4552,40
309,2018,P54,C02,0.1671,0.2149,0.1377,0.1339,0.1387,0.1086,0.2908,0.4552,40
310,2018,P54,C03,0.2625,0.2248,0.4028,0.3304,0.3366,0.4820,0.3997,0.4552,40
311,2018,P54,C04,0.5750,0.6524,0.6321,0.6258,0.6571,0.6283,0.5784,0.4552,40
312,2018,P54,C05,0.8576,0.8429,0.8367,0.8750,0.8741,0.8654,0.7155,0.4552,40
313,2018,P54,C06,0.5106,0.6227,0.4632,0.5301,0.5370,0.5154,0.5140,0.4552,40
314,2018,P54,C07,0.3353,0.3665,0.5947,0.3316,0.5314,0.4515,0.4624,0.4552,40
315,2018,P54,C08,0.3073,0.3041,0.3201,0.3092,0.3744,0.3126,0.3829,0.4552,40
316,2018,P19,C01,0.8522,0.8018,0.7831,0.8221,0.8169,0.7665,0.6850,0.4526,41
317,2018,P19,C02,0.4072,0.4266,0.4947,0.4737,0.4862,0.5287,0.4857,0.4526,41
318,2018,P19,C03,0.2754,0.3008,0.3144,0.3241,0.3337,0.3786,0.3828,0.4526,41
319,2018,P19,C04,0.1484,0.2153,0.1930,0.2522,0.2786,0.2845,0.3319,0.4526,41
320,2018,P19,C05,0.4257,0.4500,0.3853,0.3969,0.3953,0.3682,0.4454,0.4526,41
321,2018,P19,C06,0.5236,0.6226,0.4387,0.5258,0.5338,0.5058,0.5119,0.4526,41
322,2018,P19,C07,0.1659,0.2095,0.2615,0.1701,0.3110,0.2450,0.3316,0.4526,41
323,2018,P19,C08,0.3530,0.3248,0.4135,0.3603,0.4362,0.3837,0.4270,0.4526,41
324,2018,P03,C01,0.5656,0.4683,0.5531,0.5850,0.5708,0.5898,0.5287,0.4524,42
325,2018,P03,C02,0.4870,0.5174,0.5351,0.5145,0.5302,0.5123,0.5070,0.4524,42
326,2018,P03,C03,0.6795,0.5870,0.6114,0.6163,0.6196,0.5332,0.5627,0.4524,42
327,2018,P03,C04,0.2969,0.3587,0.3695,0.4178,0.4511,0.4588,0.4374,0.4524,42
328,2018,P03,C05,0.1099,0.0420,0.0818,0.0925,0.0919,0.0785,0.2381,0.4524,42
329,2018,P03,C06,0.0000,0.0000,0.0452,0.0000,0.0000,0.0000,0.1736,0.4524,42
330,2018,P03,C07,0.4771,0.3484,0.5174,0.4470,0.5507,0.4458,0.4823,0.4524,42
331,2018,P03,C08,0.6939,0.5997,0.7264,0.6941,0.7394,0.6616,0.6224,0.4524,42
332,2018,P44,C01,0.8437,0.8428,0.8231,0.8424,0.8347,0.8041,0.6982,0.4467,43
333,2018,P44,C02,0.4784,0.4918,0.4461,0.4432,0.4522,0.3472,0.4717,0.4467,43
334,2018,P44,C03,0.5690,0.6241,0.6753,0.5913,0.5997,0.6467,0.5702,0.4467,43
335,2018,P44,C04,0.2081,0.3198,0.2229,0.3182,0.3522,0.3382,0.3677,0.4467,43
336,2018,P44,C05,0.0000,0.0000,0.0000,0.0000,0.0000,0.0000,0.1674,0.4467,43
337,2018,P44,C06,0.2944,0.5237,0.2090,0.3172,0.3254,0.3006,0.3909,0.4467,43
338,2018,P44,C07,0.0742,0.0835,0.1065,0.0645,0.1179,0.1360,0.2503,0.4467,43
339,2018,P44,C08,0.4067,0.3938,0.4839,0.4135,0.4986,0.4265,0.4680,0.4467,43
340,2018,P02,C01,0.4971,0.5242,0.4795,0.4956,0.4755,0.4955,0.4977,0.4453,44
341,2018,P02,C02,0.6350,0.6853,0.6372,0.6128,0.6245,0.5633,0.5767,0.4453,44
342,2018,P02,C03,0.4172,0.4270,0.4724,0.4404,0.4476,0.4640,0.4724,0.4453,44
343,2018,P02,C04,0.1548,0.3001,0.1517,0.2786,0.3088,0.2996,0.3451,0.4453,44
344,2018,P02,C05,0.3052,0.2619,0.2833,0.3042,0.3029,0.3260,0.3651,0.4453,44
345,2018,P02,C06,0.1461,0.2559,0.1303,0.1912,0.1940,0.2127,0.3132,0.4453,44
346,2018,P02,C07,0.2731,0.3133,0.4508,0.2784,0.4475,0.3684,0.4095,0.4453,44
347,2018,P02,C08,0.5861,0.5774,0.7441,0.5940,0.6541,0.6049,0.5769,0.4453,44
348,2018,P07,C01,0.3640,0.0720,0.4019,0.3820,0.3758,0.4189,0.4078,0.4376,45
349,2018,P07,C02,0.5826,0.6084,0.6266,0.5934,0.6046,0.5616,0.5545,0.4376,45
350,2018,P07,C03,0.3285,0.3764,0.3410,0.3406,0.3507,0.3545,0.4039,0.4376,45
351,2018,P07,C04,0.2874,0.3349,0.3660,0.4033,0.4340,0.4415,0.4266,0.4376,45
352,2018,P07,C05,0.2587,0.2824,0.2081,0.2546,0.2536,0.2607,0.3384,0.4376,45
353,2018,P07,C06,0.3374,0.5201,0.2906,0.3725,0.3816,0.3781,0.4273,0.4376,45
354,2018,P07,C07,0.3197,0.3896,0.5765,0.3282,0.4986,0.4876,0.4632,0.4376,45
355,2018,P07,C08,0.4136,0.4084,0.4610,0.4095,0.4787,0.4036,0.4628,0.4376,45
356,2018,P51,C01,0.4405,0.3520,0.4133,0.4586,0.4419,0.4635,0.4623,0.4376,46
357,2018,P51,C02,0.2504,0.2573,0.3101,0.3104,0.3201,0.3786,0.3704,0.4376,46
358,2018,P51,C03,0.2323,0.2427,0.3057,0.2779,0.2838,0.3723,0.3590,0.4376,46
359,2018,P51,C04,0.6015,0.6640,0.6499,0.6476,0.6771,0.6482,0.5935,0.4376,46
360,2018,P51,C05,0.2006,0.2395,0.1627,0.2310,0.2294,0.2273,0.3242,0.4376,46
361,2018,P51,C06,0.5606,0.6957,0.5077,0.5723,0.5800,0.5589,0.5424,0.4376,46
362,2018,P51,C07,0.2839,0.2803,0.4961,0.2631,0.4209,0.3887,0.4099,0.4376,46
363,2018,P51,C08,0.2778,0.2520,0.2933,0.2812,0.3405,0.3005,0.3606,0.4376,46
364,2018,P62,C01,0.2515,0.2551,0.1905,0.2140,0.2028,0.1868,0.3251,0.4350,47
365,2018,P62,C02,0.0727,0.1165,0.0741,0.0952,0.0986,0.0905,0.2453,0.4350,47
366,2018,P62,C03,0.3474,0.3894,0.4113,0.3725,0.3814,0.4225,0.4336,0.4350,47
367,2018,P62,C04,0.2016,0.3119,0.2000,0.3211,0.3554,0.3398,0.3663,0.4350,47
368,2018,P62,C05,0.5334,0.5993,0.4993,0.5205,0.5180,0.5009,0.5128,0.4350,47
369,2018,P62,C06,0.6545,0.7698,0.6007,0.6537,0.6617,0.6384,0.6034,0.4350,47
370,2018,P62,C07,0.2689,0.3094,0.4659,0.2656,0.4683,0.3676,0.4115,0.4350,47
371,2018,P62,C08,0.4278,0.2844,0.4234,0.3928,0.4337,0.3531,0.4326,0.4350,47
372,2018,P20,C01,0.6296,0.6484,0.5735,0.6066,0.5860,0.5852,0.5607,0.4321,48
373,2018,P20,C02,0.4303,0.4626,0.4202,0.4205,0.4348,0.3456,0.4561,0.4321,48
374,2018,P20,C03,0.3400,0.3563,0.4690,0.4119,0.4215,0.5270,0.4565,0.4321,48
375,2018,P20,C04,0.0023,0.0011,0.0220,0.0000,0.0000,0.0000,0.1709,0.4321,48
376,2018,P20,C05,0.4456,0.4705,0.4119,0.4629,0.4605,0.4701,0.4776,0.4321,48
377,2018,P20,C06,0.5128,0.3092,0.4888,0.5469,0.5430,0.4556,0.4886,0.4321,48
378,2018,P20,C07,0.0525,0.0214,0.0523,0.0128,0.0234,0.0938,0.2035,0.4321,48
379,2018,P20,C08,0.4310,0.3527,0.5684,0.4472,0.4971,0.5094,0.4840,0.4321,48
380,2018,P31,C01,0.2507,0.1682,0.2431,0.2613,0.2517,0.2841,0.3354,0.4321,49
381,2018,P31,C02,0.4778,0.4711,0.5471,0.5379,0.5491,0.5553,0.5109,0.4321,49
382,2018,P31,C03,0.1009,0.0000,0.1258,0.0944,0.0968,0.1890,0.2544,0.4321,49
383,2018,P31,C04,0.4084,0.4908,0.4909,0.5202,0.5559,0.5603,0.5022,0.4321,49
384,2018,P31,C05,0.4554,0.5184,0.4089,0.4544,0.4520,0.4438,0.4782,0.4321,49
385,2018,P31,C06,0.5245,0.5321,0.6323,0.5911,0.5913,0.5842,0.5404,0.4321,49
386,2018,P31,C07,0.3615,0.4183,0.5616,0.3540,0.5389,0.4154,0.4675,0.4321,49
387,2018,P31,C08,0.2457,0.2291,0.2419,0.2490,0.3015,0.2621,0.3390,0.4321,49
388,2018,P40,C01,0.9138,0.9587,0.8846,0.8571,0.8488,0.8224,0.7314,0.4317,50
389,2018,P40,C02,0.3903,0.4115,0.4714,0.4528,0.4645,0.5101,0.4754,0.4317,50
390,2018,P40,C03,0.4707,0.4998,0.5568,0.5097,0.5214,0.5603,0.5089,0.4317,50
391,2018,P40,C04,0.0853,0.1435,0.1022,0.1899,0.2115,0.2224,0.2972,0.4317,50
392,2018,P40,C05,0.3369,0.3855,0.2811,0.3409,0.3387,0.3324,0.3941,0.4317,50
393,2018,P40,C06,0.0226,0.0581,0.0630,0.0328,0.0327,0.0369,0.2019,0.4317,50
394,2018,P40,C07,0.1019,0.1510,0.1613,0.0926,0.1693,0.1829,0.2861,0.4317,50
395,2018,P40,C08,0.4009,0.3836,0.4815,0.4091,0.4946,0.4259,0.4651,0.4317,50
396,2018,P48,C01,0.5362,0.6072,0.4974,0.5150,0.4906,0.4982,0.5107,0.4317,51
397,2018,P48,C02,0.2652,0.3226,0.2346,0.2738,0.2836,0.2392,0.3482,0.4317,51
398,2018,P48,C03,0.4684,0.4956,0.5888,0.5244,0.5361,0.6006,0.5171,0.4317,51
399,2018,P48,C04,0.2082,0.2901,0.1991,0.3318,0.3646,0.3503,0.3676,0.4317,51
400,2018,P48,C05,0.4501,0.4363,0.4251,0.4462,0.4440,0.4399,0.4697,0.4317,51
401,2018,P48,C06,0.1551,0.3098,0.0636,0.1831,0.1879,0.1543,0.3068,0.4317,51
402,2018,P48,C07,0.1778,0.1931,0.3072,0.1592,0.2910,0.2767,0.3365,0.4317,51
403,2018,P48,C08,0.3825,0.3434,0.4735,0.3919,0.4635,0.4238,0.4522,0.4317,51
404,2018,P36,C01,0.2401,0.2307,0.2063,0.2023,0.1917,0.1891,0.3222,0.4224,52
405,2018,P36,C02,0.1916,0.2219,0.2276,0.2295,0.2359,0.2903,0.3318,0.4224,52
406,2018,P36,C03,0.3972,0.3954,0.5764,0.4922,0.4991,0.6420,0.5001,0.4224,52
407,2018,P36,C04,0.3529,0.4633,0.4017,0.4519,0.4963,0.4752,0.4700,0.4224,52
408,2018,P36,C05,0.3364,0.4225,0.2530,0.3011,0.2993,0.2599,0.3761,0.4224,52
409,2018,P36,C06,0.3216,0.3289,0.4316,0.3899,0.3920,0.4448,0.4318,0.4224,52
410,2018,P36,C07,0.3902,0.4646,0.6406,0.3906,0.5806,0.4736,0.4943,0.4224,52
411,2018,P36,C08,0.0732,0.0652,0.0457,0.0729,0.0883,0.0780,0.2275,0.4224,52
412,2018,P42,C01,0.3274,0.2590,0.3021,0.3526,0.3342,0.3620,0.3841,0.4217,53
413,2018,P42,C02,0.3596,0.4026,0.3841,0.3926,0.4068,0.3961,0.4357,0.4217,53
414,2018,P42,C03,0.5105,0.5637,0.5239,0.4886,0.4974,0.4785,0.5045,0.4217,53
415,2018,P42,C04,0.0000,0.0605,0.0000,0.0857,0.0972,0.1114,0.2180,0.4217,53
416,2018,P42,C05,0.4764,0.4368,0.4453,0.4535,0.4520,0.4301,0.4749,0.4217,53
417,2018,P42,C06,0.3514,0.5038,0.2787,0.3834,0.3917,0.3815,0.4295,0.4217,53
418,2018,P42,C07,0.1221,0.1552,0.2010,0.1056,0.1931,0.2132,0.3004,0.4217,53
419,2018,P42,C08,0.3691,0.3410,0.4412,0.3774,0.4547,0.4015,0.4411,0.4217,53
420,2018,P41,C01,0.4266,0.5027,0.3827,0.4179,0.3961,0.4065,0.4581,0.4201,54
421,2018,P41,C02,0.5189,0.5741,0.5290,0.5073,0.5204,0.4738,0.5093,0.4201,54
422,2018,P41,C03,0.3637,0.3579,0.5393,0.4544,0.4613,0.6071,0.4803,0.4201,54
423,2018,P41,C04,0.1739,0.2493,0.2137,0.3247,0.3540,0.3745,0.3626,0.4201,54
424,2018,P41,C05,0.3466,0.3823,0.2764,0.2946,0.2933,0.2529,0.3728,0.4201,54
425,2018,P41,C06,0.0756,0.2633,0.0000,0.1297,0.1332,0.1325,0.2717,0.4201,54
426,2018,P41,C07,0.1620,0.1690,0.2750,0.1368,0.2484,0.2592,0.3232,0.4201,54
427,2018,P41,C08,0.4313,0.3991,0.5537,0.4450,0.5216,0.4752,0.4857,0.4201,54
428,2018,P58,C01,0.1557,0.1006,0.1255,0.1903,0.1804,0.1941,0.2958,0.4153,55
429,2018,P58,C02,0.2794,0.3382,0.2695,0.2741,0.2838,0.2569,0.3555,0.4153,55
430,2018,P58,C03,0.1954,0.1958,0.2658,0.2474,0.2538,0.3462,0.3414,0.4153,55
431,2018,P58,C04,0.1876,0.0000,0.3041,0.3202,0.3353,0.3586,0.3538,0.4153,55
432,2018,P58,C05,0.7008,0.7474,0.7004,0.6853,0.6831,0.6735,0.6317,0.4153,55
433,2018,P58,C06,0.4294,0.4624,0.4633,0.4607,0.4638,0.4463,0.4779,0.4153,55
434,2018,P58,C07,0.3656,0.3461,0.6629,0.3492,0.4858,0.5155,0.4731,0.4153,55
435,2018,P58,C08,0.2649,0.2368,0.2747,0.2671,0.3234,0.2871,0.3511,0.4153,55
436,2018,P01,C01,0.4768,0.5041,0.4378,0.4533,0.4333,0.4364,0.4794,0.4099,56
437,2018,P01,C02,0.3085,0.3464,0.3267,0.3510,0.3635,0.3606,0.3994,0.4099,56
438,2018,P01,C03,0.2100,0.1702,0.2749,0.2561,0.2614,0.3611,0.3452,0.4099,56
439,2018,P01,C04,0.1201,0.2030,0.1334,0.2146,0.2378,0.2331,0.3143,0.4099,56
440,2018,P01,C05,0.6238,0.6654,0.6113,0.6083,0.6058,0.5870,0.5697,0.4099,56
441,2018,P01,C06,0.3436,0.5584,0.2499,0.3648,0.3741,0.3488,0.4200,0.4099,56
442,2018,P01,C07,0.0000,0.0289,0.0000,0.0000,0.0000,0.0357,0.1763,0.4099,56
443,2018,P01,C08,0.4507,0.4221,0.5825,0.4652,0.5445,0.4937,0.4966,0.4099,56
444,2018,P37,C01,0.0000,0.0000,0.0000,0.0000,0.0000,0.0000,0.1674,0.4075,57
445,2018,P37,C02,0.1111,0.1600,0.0791,0.1027,0.1064,0.0088,0.2487,0.4075,57
446,2018,P37,C03,0.2855,0.1867,0.3978,0.3345,0.3367,0.5025,0.4032,0.4075,57
447,2018,P37,C04,0.3630,0.4686,0.3745,0.4485,0.4866,0.4545,0.4652,0.4075,57
448,2018,P37,C05,0.4850,0.4826,0.4482,0.4487,0.4470,0.4034,0.4770,0.4075,57
449,2018,P37,C06,0.5991,0.6328,0.4554,0.6518,0.6547,0.6416,0.5637,0.4075,57
450,2018,P37,C07,0.2359,0.2871,0.3818,0.2340,0.4277,0.3117,0.3794,0.4075,57
451,2018,P37,C08,0.2355,0.1823,0.2316,0.2264,0.2741,0.2555,0.3317,0.4075,57
452,2018,P60,C01,0.0729,0.1266,0.0399,0.0661,0.0627,0.0503,0.2270,0.3971,58
453,2018,P60,C02,0.0000,0.0000,0.0000,0.0000,0.0000,0.0000,0.1674,0.3971,58
454,2018,P60,C03,0.3578,0.3998,0.4255,0.3552,0.3629,0.3863,0.4290,0.3971,58
455,2018,P60,C04,0.1555,0.2823,0.1512,0.2753,0.3051,0.2912,0.3415,0.3971,58
456,2018,P60,C05,0.4222,0.2602,0.3818,0.4150,0.4141,0.4028,0.4303,0.3971,58
457,2018,P60,C06,0.4504,0.5297,0.4685,0.4844,0.4894,0.4819,0.4929,0.3971,58
458,2018,P60,C07,0.6681,0.6473,0.8302,0.6444,0.7553,0.6828,0.6294,0.3971,58
459,2018,P60,C08,0.0450,0.0407,0.0259,0.0450,0.0545,0.0478,0.2037,0.3971,58
460,2018,P34,C01,0.5918,0.5318,0.5586,0.5553,0.5418,0.5229,0.5247,0.3938,59
461,2018,P34,C02,0.1470,0.1591,0.1376,0.1611,0.1669,0.1605,0.2939,0.3938,59
462,2018,P34,C03,0.5607,0.6051,0.5774,0.5454,0.5559,0.5403,0.5330,0.3938,59
463,2018,P34,C04,0.0380,0.0829,0.0752,0.1737,0.1931,0.2023,0.2757,0.3938,59
464,2018,P34,C05,0.2392,0.3058,0.1462,0.2033,0.2020,0.1660,0.3243,0.3938,59
465,2018,P34,C06,0.2313,0.1912,0.3787,0.2659,0.2622,0.3355,0.3572,0.3938,59
466,2018,P34,C07,0.2014,0.2520,0.3410,0.2006,0.3667,0.2930,0.3574,0.3938,59
467,2018,P34,C08,0.0000,0.0000,0.0000,0.0000,0.0000,0.0000,0.1674,0.3938,59
468,2018,P39,C01,0.4462,0.3383,0.3479,0.3547,0.3535,0.2930,0.4095,0.3791,60
469,2018,P39,C02,0.1244,0.1798,0.0933,0.1238,0.1283,0.0752,0.2696,0.3791,60
470,2018,P39,C03,0.1473,0.1479,0.1616,0.1740,0.1792,0.2007,0.3020,0.3791,60
471,2018,P39,C04,0.3409,0.4500,0.3786,0.4425,0.4826,0.4644,0.4613,0.3791,60
472,2018,P39,C05,0.4779,0.5061,0.4384,0.4698,0.4672,0.4547,0.4858,0.3791,60
473,2018,P39,C06,0.2225,0.3784,0.1475,0.2512,0.2577,0.2349,0.3422,0.3791,60
474,2018,P39,C07,0.1392,0.1339,0.2080,0.1054,0.1927,0.2116,0.3005,0.3791,60
475,2018,P39,C08,0.2529,0.2423,0.2488,0.2564,0.3104,0.2656,0.3423,0.3791,60
476,2018,P50,C01,0.2585,0.2885,0.2028,0.2552,0.2426,0.2333,0.3364,0.3723,61
477,2018,P50,C02,0.3569,0.3601,0.4116,0.4187,0.4310,0.4467,0.4458,0.3723,61
478,2018,P50,C03,0.2002,0.2148,0.2564,0.2428,0.2488,0.3225,0.3383,0.3723,61
479,2018,P50,C04,0.1111,0.2544,0.1039,0.1992,0.2216,0.1968,0.3100,0.3723,61
480,2018,P50,C05,0.2442,0.2534,0.1761,0.2315,0.2299,0.2203,0.3279,0.3723,61
481,2018,P50,C06,0.3196,0.2658,0.1919,0.2969,0.2935,0.2215,0.3491,0.3723,61
482,2018,P50,C07,0.0272,0.0665,0.0225,0.0134,0.0245,0.0692,0.1986,0.3723,61
483,2018,P50,C08,0.5791,0.5516,0.7859,0.6332,0.6875,0.6869,0.5949,0.3723,61
484,2018,P52,C01,0.3540,0.3426,0.2822,0.3105,0.2983,0.2783,0.3752,0.3711,62
485,2018,P52,C02,0.1380,0.1461,0.1640,0.1467,0.1498,0.2092,0.2963,0.3711,62
486,2018,P52,C03,0.0000,0.0217,0.0000,0.0000,0.0000,0.0000,0.1704,0.3711,62
487,2018,P52,C04,0.6462,0.6271,0.6952,0.7160,0.7387,0.7324,0.6274,0.3711,62
488,2018,P52,C05,0.3451,0.4053,0.2765,0.3286,0.3264,0.3038,0.3904,0.3711,62
489,2018,P52,C06,0.1635,0.1448,0.2336,0.1978,0.1991,0.2506,0.3177,0.3711,62
490,2018,P52,C07,0.3652,0.4089,0.5680,0.3545,0.5360,0.4190,0.4676,0.3711,62
491,2018,P52,C08,0.1069,0.1090,0.0793,0.1003,0.1215,0.0946,0.2542,0.3711,62
492,2018,P35,C01,0.2869,0.3464,0.2202,0.2660,0.2521,0.2400,0.3483,0.3540,63
493,2018,P35,C02,0.1413,0.1617,0.1381,0.1705,0.1766,0.1763,0.2973,0.3540,63
494,2018,P35,C03,0.2575,0.2825,0.2338,0.2120,0.2183,0.1359,0.3290,0.3540,63
495,2018,P35,C04,0.2180,0.3408,0.2369,0.3031,0.3331,0.3050,0.3632,0.3540,63
496,2018,P35,C05,0.0440,0.0376,0.0269,0.0406,0.0404,0.0227,0.1970,0.3540,63
497,2018,P35,C06,0.3279,0.5105,0.2452,0.3577,0.3662,0.3504,0.4127,0.3540,63
498,2018,P35,C07,0.1301,0.1901,0.1823,0.1290,0.2358,0.1676,0.3047,0.3540,63
499,2018,P35,C08,0.2970,0.2866,0.3126,0.3012,0.3647,0.3108,0.3760,0.3540,63
